__tests__/decision-engine.test.ts(5,58): error TS2307: Cannot find module '../decision-engine' or its corresponding type declarations.
__tests__/decision-engine.test.ts(6,31): error TS2307: Cannot find module '../simulation-engine' or its corresponding type declarations.
__tests__/decision-engine.test.ts(7,61): error TS2307: Cannot find module '../safety-gates' or its corresponding type declarations.
__tests__/decision-engine.test.ts(8,49): error TS2307: Cannot find module '../rollback-manager' or its corresponding type declarations.
__tests__/decision-engine.test.ts(58,21): error TS2561: Object literal may only specify known properties, but 'actionId' does not exist in type 'Without<ExecutionLogCreateInput, ExecutionLogUncheckedCreateInput> & ExecutionLogUncheckedCreateInput'. Did you mean to write 'action'?
__tests__/decision-engine.test.ts(80,25): error TS2561: Object literal may only specify known properties, but 'actionId' does not exist in type 'Without<ExecutionLogCreateInput, ExecutionLogUncheckedCreateInput> & ExecutionLogUncheckedCreateInput'. Did you mean to write 'action'?
__tests__/decision-engine.test.ts(179,21): error TS2561: Object literal may only specify known properties, but 'actionId' does not exist in type 'Without<ExecutionLogCreateInput, ExecutionLogUncheckedCreateInput> & ExecutionLogUncheckedCreateInput'. Did you mean to write 'action'?
__tests__/decision-engine.test.ts(235,21): error TS2561: Object literal may only specify known properties, but 'actionId' does not exist in type 'Without<ExecutionLogCreateInput, ExecutionLogUncheckedCreateInput> & ExecutionLogUncheckedCreateInput'. Did you mean to write 'action'?
__tests__/decision-engine.test.ts(253,21): error TS2353: Object literal may only specify known properties, and 'eventType' does not exist in type 'AuditLogWhereInput'.
__tests__/idempotency.test.ts(25,22): error TS2339: Property 'idempotencyRecord' does not exist on type 'PrismaClient<PrismaClientOptions, never, DefaultArgs>'.
__tests__/idempotency.test.ts(33,22): error TS2339: Property 'idempotencyRecord' does not exist on type 'PrismaClient<PrismaClientOptions, never, DefaultArgs>'.
__tests__/idempotency.test.ts(91,41): error TS2339: Property 'idempotencyRecord' does not exist on type 'PrismaClient<PrismaClientOptions, never, DefaultArgs>'.
__tests__/idempotency.test.ts(153,41): error TS2339: Property 'idempotencyRecord' does not exist on type 'PrismaClient<PrismaClientOptions, never, DefaultArgs>'.
__tests__/idempotency.test.ts(203,41): error TS2339: Property 'idempotencyRecord' does not exist on type 'PrismaClient<PrismaClientOptions, never, DefaultArgs>'.
__tests__/idempotency.test.ts(282,41): error TS2339: Property 'idempotencyRecord' does not exist on type 'PrismaClient<PrismaClientOptions, never, DefaultArgs>'.
__tests__/rbac-isolation.test.ts(32,17): error TS2353: Object literal may only specify known properties, and 'role' does not exist in type '(Without<UserCreateInput, UserUncheckedCreateInput> & UserUncheckedCreateInput) | (Without<...> & UserCreateInput)'.
__tests__/rbac-isolation.test.ts(41,17): error TS2353: Object literal may only specify known properties, and 'role' does not exist in type '(Without<UserCreateInput, UserUncheckedCreateInput> & UserUncheckedCreateInput) | (Without<...> & UserCreateInput)'.
__tests__/rbac-isolation.test.ts(51,17): error TS2353: Object literal may only specify known properties, and 'role' does not exist in type '(Without<UserCreateInput, UserUncheckedCreateInput> & UserUncheckedCreateInput) | (Without<...> & UserCreateInput)'.
__tests__/rbac-isolation.test.ts(128,21): error TS2353: Object literal may only specify known properties, and 'userId' does not exist in type 'Without<OrderCreateInput, OrderUncheckedCreateInput> & OrderUncheckedCreateInput'.
__tests__/rbac-isolation.test.ts(156,25): error TS2353: Object literal may only specify known properties, and 'userId' does not exist in type '(Without<OrderCreateInput, OrderUncheckedCreateInput> & OrderUncheckedCreateInput) | (Without<...> & OrderCreateInput)'.
__tests__/rbac-isolation.test.ts(171,21): error TS2353: Object literal may only specify known properties, and 'userId' does not exist in type 'Without<OrderCreateInput, OrderUncheckedCreateInput> & OrderUncheckedCreateInput'.
__tests__/rbac-isolation.test.ts(197,21): error TS2353: Object literal may only specify known properties, and 'userId' does not exist in type 'Without<OrderCreateInput, OrderUncheckedCreateInput> & OrderUncheckedCreateInput'.
__tests__/rbac-isolation.test.ts(222,21): error TS2353: Object literal may only specify known properties, and 'userId' does not exist in type 'Without<OrderCreateInput, OrderUncheckedCreateInput> & OrderUncheckedCreateInput'.
__tests__/rbac-isolation.test.ts(250,21): error TS2353: Object literal may only specify known properties, and 'userId' does not exist in type 'Without<OrderCreateInput, OrderUncheckedCreateInput> & OrderUncheckedCreateInput'.
__tests__/rbac-isolation.test.ts(279,21): error TS2353: Object literal may only specify known properties, and 'role' does not exist in type '(Without<UserCreateInput, UserUncheckedCreateInput> & UserUncheckedCreateInput) | (Without<...> & UserCreateInput)'.
__tests__/rbac-isolation.test.ts(299,21): error TS2353: Object literal may only specify known properties, and 'role' does not exist in type '(Without<UserCreateInput, UserUncheckedCreateInput> & UserUncheckedCreateInput) | (Without<...> & UserCreateInput)'.
__tests__/rbac-isolation.test.ts(319,21): error TS2353: Object literal may only specify known properties, and 'role' does not exist in type '(Without<UserCreateInput, UserUncheckedCreateInput> & UserUncheckedCreateInput) | (Without<...> & UserCreateInput)'.
__tests__/refund-integrity.test.ts(29,17): error TS2353: Object literal may only specify known properties, and 'role' does not exist in type '(Without<UserCreateInput, UserUncheckedCreateInput> & UserUncheckedCreateInput) | (Without<...> & UserCreateInput)'.
__tests__/refund-integrity.test.ts(51,13): error TS2322: Type '{ productId: string; name: string; sku: string; price: number; stockOnHand: number; }' is not assignable to type '(Without<FrozenVariantCreateInput, FrozenVariantUncheckedCreateInput> & FrozenVariantUncheckedCreateInput) | (Without<...> & FrozenVariantCreateInput)'.
  Type '{ productId: string; name: string; sku: string; price: number; stockOnHand: number; }' is not assignable to type 'Without<FrozenVariantCreateInput, FrozenVariantUncheckedCreateInput> & FrozenVariantUncheckedCreateInput'.
    Property 'weight' is missing in type '{ productId: string; name: string; sku: string; price: number; stockOnHand: number; }' but required in type 'FrozenVariantUncheckedCreateInput'.
__tests__/refund-integrity.test.ts(67,17): error TS2353: Object literal may only specify known properties, and 'batchNumber' does not exist in type 'Without<InventoryBatchCreateInput, InventoryBatchUncheckedCreateInput> & InventoryBatchUncheckedCreateInput'.
__tests__/refund-integrity.test.ts(93,22): error TS2339: Property 'refund' does not exist on type 'PrismaClient<PrismaClientOptions, never, DefaultArgs>'.
__tests__/refund-integrity.test.ts(107,21): error TS2353: Object literal may only specify known properties, and 'userId' does not exist in type 'Without<OrderCreateInput, OrderUncheckedCreateInput> & OrderUncheckedCreateInput'.
__tests__/refund-integrity.test.ts(133,21): error TS2353: Object literal may only specify known properties, and 'userId' does not exist in type 'Without<OrderCreateInput, OrderUncheckedCreateInput> & OrderUncheckedCreateInput'.
__tests__/refund-integrity.test.ts(162,21): error TS2353: Object literal may only specify known properties, and 'userId' does not exist in type 'Without<OrderCreateInput, OrderUncheckedCreateInput> & OrderUncheckedCreateInput'.
__tests__/refund-integrity.test.ts(174,17): error TS2322: Type '{ brandId: string; description: string; referenceId: string; date: Date; }' is not assignable to type '(Without<JournalTransactionCreateInput, JournalTransactionUncheckedCreateInput> & JournalTransactionUncheckedCreateInput) | (Without<...> & JournalTransactionCreateInput)'.
  Type '{ brandId: string; description: string; referenceId: string; date: Date; }' is not assignable to type 'Without<JournalTransactionCreateInput, JournalTransactionUncheckedCreateInput> & JournalTransactionUncheckedCreateInput'.
    Property 'createdBy' is missing in type '{ brandId: string; description: string; referenceId: string; date: Date; }' but required in type 'JournalTransactionUncheckedCreateInput'.
__tests__/refund-integrity.test.ts(211,21): error TS2353: Object literal may only specify known properties, and 'userId' does not exist in type 'Without<OrderCreateInput, OrderUncheckedCreateInput> & OrderUncheckedCreateInput'.
__tests__/refund-integrity.test.ts(252,21): error TS2353: Object literal may only specify known properties, and 'userId' does not exist in type 'Without<OrderCreateInput, OrderUncheckedCreateInput> & OrderUncheckedCreateInput'.
__tests__/refund-integrity.test.ts(263,17): error TS2322: Type '{ orderId: string; variantId: string; quantity: number; price: number; }' is not assignable to type '(Without<OrderItemCreateInput, OrderItemUncheckedCreateInput> & OrderItemUncheckedCreateInput) | (Without<...> & OrderItemCreateInput)'.
  Type '{ orderId: string; variantId: string; quantity: number; price: number; }' is not assignable to type 'Without<OrderItemCreateInput, OrderItemUncheckedCreateInput> & OrderItemUncheckedCreateInput'.
    Type '{ orderId: string; variantId: string; quantity: number; price: number; }' is missing the following properties from type 'OrderItemUncheckedCreateInput': name, subtotal
__tests__/refund-integrity.test.ts(302,21): error TS2353: Object literal may only specify known properties, and 'userId' does not exist in type 'Without<OrderCreateInput, OrderUncheckedCreateInput> & OrderUncheckedCreateInput'.
__tests__/refund-integrity.test.ts(314,21): error TS2739: Type '{ orderId: string; variantId: string; quantity: number; price: number; }' is missing the following properties from type 'OrderItemCreateManyInput': name, subtotal
__tests__/refund-integrity.test.ts(315,21): error TS2739: Type '{ orderId: string; variantId: string; quantity: number; price: number; }' is missing the following properties from type 'OrderItemCreateManyInput': name, subtotal
__tests__/refund-integrity.test.ts(354,21): error TS2353: Object literal may only specify known properties, and 'userId' does not exist in type 'Without<OrderCreateInput, OrderUncheckedCreateInput> & OrderUncheckedCreateInput'.
__tests__/stock-safety.test.ts(65,17): error TS2322: Type '{ productId: string; name: string; sku: string; price: number; stockOnHand: number; }' is not assignable to type '(Without<FrozenVariantCreateInput, FrozenVariantUncheckedCreateInput> & FrozenVariantUncheckedCreateInput) | (Without<...> & FrozenVariantCreateInput)'.
  Type '{ productId: string; name: string; sku: string; price: number; stockOnHand: number; }' is not assignable to type 'Without<FrozenVariantCreateInput, FrozenVariantUncheckedCreateInput> & FrozenVariantUncheckedCreateInput'.
    Property 'weight' is missing in type '{ productId: string; name: string; sku: string; price: number; stockOnHand: number; }' but required in type 'FrozenVariantUncheckedCreateInput'.
__tests__/stock-safety.test.ts(80,21): error TS2353: Object literal may only specify known properties, and 'batchNumber' does not exist in type 'Without<InventoryBatchCreateInput, InventoryBatchUncheckedCreateInput> & InventoryBatchUncheckedCreateInput'.
__tests__/stock-safety.test.ts(97,17): error TS2322: Type '{ productId: string; name: string; sku: string; price: number; stockOnHand: number; }' is not assignable to type '(Without<FrozenVariantCreateInput, FrozenVariantUncheckedCreateInput> & FrozenVariantUncheckedCreateInput) | (Without<...> & FrozenVariantCreateInput)'.
  Type '{ productId: string; name: string; sku: string; price: number; stockOnHand: number; }' is not assignable to type 'Without<FrozenVariantCreateInput, FrozenVariantUncheckedCreateInput> & FrozenVariantUncheckedCreateInput'.
    Property 'weight' is missing in type '{ productId: string; name: string; sku: string; price: number; stockOnHand: number; }' but required in type 'FrozenVariantUncheckedCreateInput'.
__tests__/stock-safety.test.ts(111,21): error TS2353: Object literal may only specify known properties, and 'batchNumber' does not exist in type 'Without<InventoryBatchCreateInput, InventoryBatchUncheckedCreateInput> & InventoryBatchUncheckedCreateInput'.
__tests__/stock-safety.test.ts(124,17): error TS2322: Type '{ productId: string; name: string; sku: string; price: number; stockOnHand: number; }' is not assignable to type '(Without<FrozenVariantCreateInput, FrozenVariantUncheckedCreateInput> & FrozenVariantUncheckedCreateInput) | (Without<...> & FrozenVariantCreateInput)'.
  Type '{ productId: string; name: string; sku: string; price: number; stockOnHand: number; }' is not assignable to type 'Without<FrozenVariantCreateInput, FrozenVariantUncheckedCreateInput> & FrozenVariantUncheckedCreateInput'.
    Property 'weight' is missing in type '{ productId: string; name: string; sku: string; price: number; stockOnHand: number; }' but required in type 'FrozenVariantUncheckedCreateInput'.
__tests__/stock-safety.test.ts(143,21): error TS2353: Object literal may only specify known properties, and 'batchNumber' does not exist in type 'Without<InventoryBatchCreateInput, InventoryBatchUncheckedCreateInput> & InventoryBatchUncheckedCreateInput'.
__tests__/stock-safety.test.ts(152,21): error TS2353: Object literal may only specify known properties, and 'batchNumber' does not exist in type 'Without<InventoryBatchCreateInput, InventoryBatchUncheckedCreateInput> & InventoryBatchUncheckedCreateInput'.
__tests__/stock-safety.test.ts(161,21): error TS2353: Object literal may only specify known properties, and 'batchNumber' does not exist in type 'Without<InventoryBatchCreateInput, InventoryBatchUncheckedCreateInput> & InventoryBatchUncheckedCreateInput'.
__tests__/stock-safety.test.ts(183,17): error TS2322: Type '{ productId: string; name: string; sku: string; price: number; stockOnHand: number; }' is not assignable to type '(Without<FrozenVariantCreateInput, FrozenVariantUncheckedCreateInput> & FrozenVariantUncheckedCreateInput) | (Without<...> & FrozenVariantCreateInput)'.
  Type '{ productId: string; name: string; sku: string; price: number; stockOnHand: number; }' is not assignable to type 'Without<FrozenVariantCreateInput, FrozenVariantUncheckedCreateInput> & FrozenVariantUncheckedCreateInput'.
    Property 'weight' is missing in type '{ productId: string; name: string; sku: string; price: number; stockOnHand: number; }' but required in type 'FrozenVariantUncheckedCreateInput'.
__tests__/stock-safety.test.ts(197,21): error TS2353: Object literal may only specify known properties, and 'batchNumber' does not exist in type 'Without<InventoryBatchCreateInput, InventoryBatchUncheckedCreateInput> & InventoryBatchUncheckedCreateInput'.
__tests__/stock-safety.test.ts(226,17): error TS2322: Type '{ productId: string; name: string; sku: string; price: number; stockOnHand: number; }' is not assignable to type '(Without<FrozenVariantCreateInput, FrozenVariantUncheckedCreateInput> & FrozenVariantUncheckedCreateInput) | (Without<...> & FrozenVariantCreateInput)'.
  Type '{ productId: string; name: string; sku: string; price: number; stockOnHand: number; }' is not assignable to type 'Without<FrozenVariantCreateInput, FrozenVariantUncheckedCreateInput> & FrozenVariantUncheckedCreateInput'.
    Property 'weight' is missing in type '{ productId: string; name: string; sku: string; price: number; stockOnHand: number; }' but required in type 'FrozenVariantUncheckedCreateInput'.
__tests__/stock-safety.test.ts(240,21): error TS2353: Object literal may only specify known properties, and 'batchNumber' does not exist in type 'Without<InventoryBatchCreateInput, InventoryBatchUncheckedCreateInput> & InventoryBatchUncheckedCreateInput'.
__tests__/stock-safety.test.ts(260,17): error TS2322: Type '{ productId: string; name: string; sku: string; price: number; stockOnHand: number; }' is not assignable to type '(Without<FrozenVariantCreateInput, FrozenVariantUncheckedCreateInput> & FrozenVariantUncheckedCreateInput) | (Without<...> & FrozenVariantCreateInput)'.
  Type '{ productId: string; name: string; sku: string; price: number; stockOnHand: number; }' is not assignable to type 'Without<FrozenVariantCreateInput, FrozenVariantUncheckedCreateInput> & FrozenVariantUncheckedCreateInput'.
    Property 'weight' is missing in type '{ productId: string; name: string; sku: string; price: number; stockOnHand: number; }' but required in type 'FrozenVariantUncheckedCreateInput'.
__tests__/stock-safety.test.ts(276,25): error TS2353: Object literal may only specify known properties, and 'batchNumber' does not exist in type 'Without<InventoryBatchCreateInput, InventoryBatchUncheckedCreateInput> & InventoryBatchUncheckedCreateInput'.
__tests__/stock-safety.test.ts(305,17): error TS2322: Type '{ productId: string; name: string; sku: string; price: number; stockOnHand: number; }' is not assignable to type '(Without<FrozenVariantCreateInput, FrozenVariantUncheckedCreateInput> & FrozenVariantUncheckedCreateInput) | (Without<...> & FrozenVariantCreateInput)'.
  Type '{ productId: string; name: string; sku: string; price: number; stockOnHand: number; }' is not assignable to type 'Without<FrozenVariantCreateInput, FrozenVariantUncheckedCreateInput> & FrozenVariantUncheckedCreateInput'.
    Property 'weight' is missing in type '{ productId: string; name: string; sku: string; price: number; stockOnHand: number; }' but required in type 'FrozenVariantUncheckedCreateInput'.
__tests__/stock-safety.test.ts(319,21): error TS2353: Object literal may only specify known properties, and 'batchNumber' does not exist in type 'Without<InventoryBatchCreateInput, InventoryBatchUncheckedCreateInput> & InventoryBatchUncheckedCreateInput'.
__tests__/stock-safety.test.ts(346,17): error TS2322: Type '{ productId: string; name: string; sku: string; price: number; stockOnHand: number; }' is not assignable to type '(Without<FrozenVariantCreateInput, FrozenVariantUncheckedCreateInput> & FrozenVariantUncheckedCreateInput) | (Without<...> & FrozenVariantCreateInput)'.
  Type '{ productId: string; name: string; sku: string; price: number; stockOnHand: number; }' is not assignable to type 'Without<FrozenVariantCreateInput, FrozenVariantUncheckedCreateInput> & FrozenVariantUncheckedCreateInput'.
    Property 'weight' is missing in type '{ productId: string; name: string; sku: string; price: number; stockOnHand: number; }' but required in type 'FrozenVariantUncheckedCreateInput'.
__tests__/stock-safety.test.ts(360,21): error TS2353: Object literal may only specify known properties, and 'batchNumber' does not exist in type 'Without<InventoryBatchCreateInput, InventoryBatchUncheckedCreateInput> & InventoryBatchUncheckedCreateInput'.
__tests__/stock-safety.test.ts(378,17): error TS2322: Type '{ productId: string; name: string; sku: string; price: number; stockOnHand: number; }' is not assignable to type '(Without<FrozenVariantCreateInput, FrozenVariantUncheckedCreateInput> & FrozenVariantUncheckedCreateInput) | (Without<...> & FrozenVariantCreateInput)'.
  Type '{ productId: string; name: string; sku: string; price: number; stockOnHand: number; }' is not assignable to type 'Without<FrozenVariantCreateInput, FrozenVariantUncheckedCreateInput> & FrozenVariantUncheckedCreateInput'.
    Property 'weight' is missing in type '{ productId: string; name: string; sku: string; price: number; stockOnHand: number; }' but required in type 'FrozenVariantUncheckedCreateInput'.
__tests__/stock-safety.test.ts(392,21): error TS2353: Object literal may only specify known properties, and 'batchNumber' does not exist in type 'Without<InventoryBatchCreateInput, InventoryBatchUncheckedCreateInput> & InventoryBatchUncheckedCreateInput'.
__tests__/stress-test.test.ts(31,17): error TS2353: Object literal may only specify known properties, and 'role' does not exist in type '(Without<UserCreateInput, UserUncheckedCreateInput> & UserUncheckedCreateInput) | (Without<...> & UserCreateInput)'.
__tests__/stress-test.test.ts(53,13): error TS2322: Type '{ productId: string; name: string; sku: string; price: number; stockOnHand: number; }' is not assignable to type '(Without<FrozenVariantCreateInput, FrozenVariantUncheckedCreateInput> & FrozenVariantUncheckedCreateInput) | (Without<...> & FrozenVariantCreateInput)'.
  Type '{ productId: string; name: string; sku: string; price: number; stockOnHand: number; }' is not assignable to type 'Without<FrozenVariantCreateInput, FrozenVariantUncheckedCreateInput> & FrozenVariantUncheckedCreateInput'.
    Property 'weight' is missing in type '{ productId: string; name: string; sku: string; price: number; stockOnHand: number; }' but required in type 'FrozenVariantUncheckedCreateInput'.
__tests__/stress-test.test.ts(69,17): error TS2353: Object literal may only specify known properties, and 'batchNumber' does not exist in type 'Without<InventoryBatchCreateInput, InventoryBatchUncheckedCreateInput> & InventoryBatchUncheckedCreateInput'.
__tests__/stress-test.test.ts(95,22): error TS2339: Property 'refund' does not exist on type 'PrismaClient<PrismaClientOptions, never, DefaultArgs>'.
__tests__/stress-test.test.ts(109,21): error TS2353: Object literal may only specify known properties, and 'userId' does not exist in type 'Without<OrderCreateInput, OrderUncheckedCreateInput> & OrderUncheckedCreateInput'.
__tests__/stress-test.test.ts(150,29): error TS2353: Object literal may only specify known properties, and 'userId' does not exist in type 'Without<OrderCreateInput, OrderUncheckedCreateInput> & OrderUncheckedCreateInput'.
__tests__/stress-test.test.ts(197,21): error TS2353: Object literal may only specify known properties, and 'batchNumber' does not exist in type 'Without<InventoryBatchCreateInput, InventoryBatchUncheckedCreateInput> & InventoryBatchUncheckedCreateInput'.
__tests__/stress-test.test.ts(211,64): error TS2322: Type 'void | { error: any; }' is not assignable to type 'object'.
  Type 'void' is not assignable to type 'object'.
__tests__/stress-test.test.ts(212,59): error TS2322: Type 'void | { error: any; }' is not assignable to type 'object'.
  Type 'void' is not assignable to type 'object'.
__tests__/stress-test.test.ts(237,21): error TS2353: Object literal may only specify known properties, and 'batchNumber' does not exist in type 'Without<InventoryBatchCreateInput, InventoryBatchUncheckedCreateInput> & InventoryBatchUncheckedCreateInput'.
__tests__/stress-test.test.ts(251,64): error TS2322: Type 'void | { error: any; }' is not assignable to type 'object'.
  Type 'void' is not assignable to type 'object'.
__tests__/stress-test.test.ts(252,59): error TS2322: Type 'void | { error: any; }' is not assignable to type 'object'.
  Type 'void' is not assignable to type 'object'.
__tests__/stress-test.test.ts(293,29): error TS2353: Object literal may only specify known properties, and 'userId' does not exist in type 'Without<OrderCreateInput, OrderUncheckedCreateInput> & OrderUncheckedCreateInput'.
__tests__/stress-test.test.ts(381,21): error TS2353: Object literal may only specify known properties, and 'userId' does not exist in type 'Without<OrderCreateInput, OrderUncheckedCreateInput> & OrderUncheckedCreateInput'.
__tests__/stress-test.test.ts(406,52): error TS2339: Property 'id' does not exist on type '{ id: string; status: string; } | { error: any; }'.
  Property 'id' does not exist on type '{ error: any; }'.
scripts/populate-product-pricing.ts(15,39): error TS2339: Property 'mockupVariant' does not exist on type 'PrismaClient<PrismaClientOptions, never, DefaultArgs>'.
scripts/populate-product-pricing.ts(39,40): error TS2551: Property 'mockupProductTemplate' does not exist on type 'PrismaClient<PrismaClientOptions, never, DefaultArgs>'. Did you mean 'mockupTemplate'?
scripts/register-owner-debug.ts(70,25): error TS2322: Type '"OWNER"' is not assignable to type 'BrandRole | EnumBrandRoleFieldUpdateOperationsInput | undefined'.
scripts/register-owner-debug.ts(78,21): error TS2322: Type '"OWNER"' is not assignable to type 'BrandRole'.
scripts/seed-financial-data.ts(58,80): error TS2322: Type '"COGS"' is not assignable to type 'AccountType'.
scripts/seed-financial-data.ts(117,33): error TS2353: Object literal may only specify known properties, and 'type' does not exist in type 'JournalEntryUncheckedCreateWithoutTransactionInput'.
scripts/seed-financial-data.ts(122,33): error TS2353: Object literal may only specify known properties, and 'type' does not exist in type 'JournalEntryUncheckedCreateWithoutTransactionInput'.
scripts/seed-financial-data.ts(141,33): error TS2353: Object literal may only specify known properties, and 'type' does not exist in type 'JournalEntryUncheckedCreateWithoutTransactionInput'.
scripts/seed-financial-data.ts(146,33): error TS2353: Object literal may only specify known properties, and 'type' does not exist in type 'JournalEntryUncheckedCreateWithoutTransactionInput'.
scripts/seed-financial-data.ts(163,62): error TS2353: Object literal may only specify known properties, and 'type' does not exist in type 'JournalEntryUncheckedCreateWithoutTransactionInput'.
scripts/seed-financial-data.ts(164,58): error TS2353: Object literal may only specify known properties, and 'type' does not exist in type 'JournalEntryUncheckedCreateWithoutTransactionInput'.
scripts/seed-financial-data.ts(165,63): error TS2353: Object literal may only specify known properties, and 'type' does not exist in type 'JournalEntryUncheckedCreateWithoutTransactionInput'.
scripts/seed-financial-data.ts(166,63): error TS2353: Object literal may only specify known properties, and 'type' does not exist in type 'JournalEntryUncheckedCreateWithoutTransactionInput'.
scripts/seed-financial-data.ts(169,33): error TS2353: Object literal may only specify known properties, and 'type' does not exist in type 'JournalEntryUncheckedCreateWithoutTransactionInput'.
scripts/seed-financial-data.ts(262,41): error TS2552: Cannot find name 'icTransactions'. Did you mean 'IDBTransaction'?
scripts/seed-mockup-test.ts(26,39): error TS2551: Property 'mockupProductTemplate' does not exist on type 'PrismaClient<PrismaClientOptions, never, DefaultArgs>'. Did you mean 'mockupTemplate'?
scripts/seed-mockup-test.ts(38,22): error TS2339: Property 'mockupVariant' does not exist on type 'PrismaClient<PrismaClientOptions, never, DefaultArgs>'.
scripts/setup-platform.ts(34,47): error TS2551: Property 'mockupProductTemplate' does not exist on type 'PrismaClient<PrismaClientOptions, never, DefaultArgs>'. Did you mean 'mockupTemplate'?
scripts/setup-platform.ts(45,38): error TS7006: Parameter 'p' implicitly has an 'any' type.
scripts/setup-platform.ts(165,43): error TS2551: Property 'mockupProductTemplate' does not exist on type 'PrismaClient<PrismaClientOptions, never, DefaultArgs>'. Did you mean 'mockupTemplate'?
scripts/setup-platform.ts(177,46): error TS2339: Property 'mockupVariant' does not exist on type 'PrismaClient<PrismaClientOptions, never, DefaultArgs>'.
scripts/verify-accounting.ts(57,64): error TS2345: Argument of type 'boolean' is not assignable to parameter of type 'string'.
scripts/verify-fifo.ts(49,9): error TS2322: Type '{ variantId: string; batchCode: string; quantity: number; expiryDate: Date; }' is not assignable to type '(Without<InventoryBatchCreateInput, InventoryBatchUncheckedCreateInput> & InventoryBatchUncheckedCreateInput) | (Without<...> & InventoryBatchCreateInput)'.
  Type '{ variantId: string; batchCode: string; quantity: number; expiryDate: Date; }' is not assignable to type 'Without<InventoryBatchCreateInput, InventoryBatchUncheckedCreateInput> & InventoryBatchUncheckedCreateInput'.
    Property 'warehouseId' is missing in type '{ variantId: string; batchCode: string; quantity: number; expiryDate: Date; }' but required in type 'InventoryBatchUncheckedCreateInput'.
scripts/verify-fifo.ts(59,9): error TS2322: Type '{ variantId: string; batchCode: string; quantity: number; expiryDate: Date; }' is not assignable to type '(Without<InventoryBatchCreateInput, InventoryBatchUncheckedCreateInput> & InventoryBatchUncheckedCreateInput) | (Without<...> & InventoryBatchCreateInput)'.
  Type '{ variantId: string; batchCode: string; quantity: number; expiryDate: Date; }' is not assignable to type 'Without<InventoryBatchCreateInput, InventoryBatchUncheckedCreateInput> & InventoryBatchUncheckedCreateInput'.
    Property 'warehouseId' is missing in type '{ variantId: string; batchCode: string; quantity: number; expiryDate: Date; }' but required in type 'InventoryBatchUncheckedCreateInput'.
scripts/verify-ledger.ts(39,9): error TS2322: Type '{ brandId: string; description: string; entries: { create: { accountId: string; debit: number; credit: number; }[]; }; }' is not assignable to type '(Without<JournalTransactionCreateInput, JournalTransactionUncheckedCreateInput> & JournalTransactionUncheckedCreateInput) | (Without<...> & JournalTransactionCreateInput)'.
  Type '{ brandId: string; description: string; entries: { create: { accountId: string; debit: number; credit: number; }[]; }; }' is not assignable to type 'Without<JournalTransactionCreateInput, JournalTransactionUncheckedCreateInput> & JournalTransactionUncheckedCreateInput'.
    Type '{ brandId: string; description: string; entries: { create: { accountId: string; debit: number; credit: number; }[]; }; }' is missing the following properties from type 'JournalTransactionUncheckedCreateInput': date, createdBy
scripts/verify-ledger.ts(65,27): error TS2339: Property 'entries' does not exist on type '{ id: string; brandId: string; createdAt: Date; updatedAt: Date; description: string; date: Date; referenceType: string | null; referenceId: string | null; createdBy: string; }'.
scripts/verify-ledger.ts(65,43): error TS7006: Parameter 'sum' implicitly has an 'any' type.
scripts/verify-ledger.ts(65,48): error TS7006: Parameter 'e' implicitly has an 'any' type.
scripts/verify-ledger.ts(66,28): error TS2339: Property 'entries' does not exist on type '{ id: string; brandId: string; createdAt: Date; updatedAt: Date; description: string; date: Date; referenceType: string | null; referenceId: string | null; createdBy: string; }'.
scripts/verify-ledger.ts(66,44): error TS7006: Parameter 'sum' implicitly has an 'any' type.
scripts/verify-ledger.ts(66,49): error TS7006: Parameter 'e' implicitly has an 'any' type.
scripts/verify-owner-access.ts(2,25): error TS2305: Module '"../src/lib/auth/rbac"' has no exported member 'AccessControlError'.
scripts/verify-owner-access.ts(33,44): error TS2353: Object literal may only specify known properties, and 'global' does not exist in type 'BrandRole[]'.
scripts/verify-owner-access.ts(49,41): error TS2353: Object literal may only specify known properties, and 'global' does not exist in type 'BrandRole[]'.
scripts/verify-owner-dashboard.ts(40,9): error TS2322: Type '{ brandId: string; description: string; entries: { create: { accountId: string; debit: number; credit: number; }[]; }; }' is not assignable to type '(Without<JournalTransactionCreateInput, JournalTransactionUncheckedCreateInput> & JournalTransactionUncheckedCreateInput) | (Without<...> & JournalTransactionCreateInput)'.
  Type '{ brandId: string; description: string; entries: { create: { accountId: string; debit: number; credit: number; }[]; }; }' is not assignable to type 'Without<JournalTransactionCreateInput, JournalTransactionUncheckedCreateInput> & JournalTransactionUncheckedCreateInput'.
    Type '{ brandId: string; description: string; entries: { create: { accountId: string; debit: number; credit: number; }[]; }; }' is missing the following properties from type 'JournalTransactionUncheckedCreateInput': date, createdBy
scripts/verify-owner-dashboard.ts(54,9): error TS2322: Type '{ brandId: string; description: string; entries: { create: { accountId: string; debit: number; credit: number; }[]; }; }' is not assignable to type '(Without<JournalTransactionCreateInput, JournalTransactionUncheckedCreateInput> & JournalTransactionUncheckedCreateInput) | (Without<...> & JournalTransactionCreateInput)'.
  Type '{ brandId: string; description: string; entries: { create: { accountId: string; debit: number; credit: number; }[]; }; }' is not assignable to type 'Without<JournalTransactionCreateInput, JournalTransactionUncheckedCreateInput> & JournalTransactionUncheckedCreateInput'.
    Type '{ brandId: string; description: string; entries: { create: { accountId: string; debit: number; credit: number; }[]; }; }' is missing the following properties from type 'JournalTransactionUncheckedCreateInput': date, createdBy
scripts/verify-rbac.ts(2,25): error TS2305: Module '"../src/lib/auth/rbac"' has no exported member 'AccessControlError'.
scripts/verify-rbac.ts(61,41): error TS2353: Object literal may only specify known properties, and 'global' does not exist in type 'BrandRole[]'.
scripts/verify-rbac.ts(69,40): error TS2353: Object literal may only specify known properties, and 'global' does not exist in type 'BrandRole[]'.
scripts/verify-rbac.ts(82,13): error TS2353: Object literal may only specify known properties, and 'brand' does not exist in type 'BrandRole[]'.
scripts/verify-rbac.ts(92,13): error TS2353: Object literal may only specify known properties, and 'brand' does not exist in type 'BrandRole[]'.
scripts/verify-rbac.ts(108,13): error TS2353: Object literal may only specify known properties, and 'brand' does not exist in type 'BrandRole[]'.
src/app/(public)/rasa-ibu/p/[slug]/page.tsx(13,13): error TS2322: Type '{ slug: string; }' is not assignable to type 'CampaignWhereUniqueInput'.
  Type '{ slug: string; }' is not assignable to type '{ id: string | CampaignBrandIdSlugCompoundUniqueInput; brandId_slug: string | CampaignBrandIdSlugCompoundUniqueInput; } & { ...; }'.
    Type '{ slug: string; }' is missing the following properties from type '{ id: string | CampaignBrandIdSlugCompoundUniqueInput; brandId_slug: string | CampaignBrandIdSlugCompoundUniqueInput; }': id, brandId_slug
src/app/(public)/rasa-ibu/p/[slug]/page.tsx(41,9): error TS2322: Type '{ slug: string; }' is not assignable to type 'CampaignWhereUniqueInput'.
  Type '{ slug: string; }' is not assignable to type '{ id: string | CampaignBrandIdSlugCompoundUniqueInput; brandId_slug: string | CampaignBrandIdSlugCompoundUniqueInput; } & { ...; }'.
    Type '{ slug: string; }' is missing the following properties from type '{ id: string | CampaignBrandIdSlugCompoundUniqueInput; brandId_slug: string | CampaignBrandIdSlugCompoundUniqueInput; }': id, brandId_slug
src/app/(public)/rasa-ibu/p/[slug]/page.tsx(107,35): error TS2339: Property 'bundles' does not exist on type '{ id: string; brandId: string; isActive: boolean; createdAt: Date; updatedAt: Date; slug: string; description: string | null; title: string; heroImage: string | null; startDate: Date; endDate: Date; }'.
src/app/(public)/rasa-ibu/p/[slug]/page.tsx(107,48): error TS7006: Parameter 'bundle' implicitly has an 'any' type.
src/app/(public)/rasa-ibu/p/[slug]/page.tsx(119,31): error TS2339: Property 'bundles' does not exist on type '{ id: string; brandId: string; isActive: boolean; createdAt: Date; updatedAt: Date; slug: string; description: string | null; title: string; heroImage: string | null; startDate: Date; endDate: Date; }'.
src/app/actions/rbac-demo.ts(24,13): error TS2353: Object literal may only specify known properties, and 'global' does not exist in type 'BrandRole[]'.
src/app/api/admin/[brandSlug]/orders/route.ts(32,17): error TS2353: Object literal may only specify known properties, and 'items' does not exist in type 'OrderInclude<DefaultArgs>'.
src/app/api/admin/[brandSlug]/products/route.ts(43,41): error TS2353: Object literal may only specify known properties, and 'stock' does not exist in type 'ProductVariantSelect<DefaultArgs>'.
src/app/api/admin/[brandSlug]/products/route.ts(57,33): error TS2339: Property 'basePrice' does not exist on type '{ id: string; name: string; createdAt: Date; updatedAt: Date; slug: string; description: string | null; displayOrder: number; isFeatured: boolean; sku: string | null; status: string; ... 5 more ...; collectionId: string; }'.
src/app/api/admin/[brandSlug]/products/route.ts(60,29): error TS2551: Property 'collection' does not exist on type '{ id: string; name: string; createdAt: Date; updatedAt: Date; slug: string; description: string | null; displayOrder: number; isFeatured: boolean; sku: string | null; status: string; ... 5 more ...; collectionId: string; }'. Did you mean 'collectionId'?
src/app/api/admin/[brandSlug]/products/route.ts(61,29): error TS2339: Property '_count' does not exist on type '{ id: string; name: string; createdAt: Date; updatedAt: Date; slug: string; description: string | null; displayOrder: number; isFeatured: boolean; sku: string | null; status: string; ... 5 more ...; collectionId: string; }'.
src/app/api/admin/[brandSlug]/products/route.ts(62,27): error TS2339: Property 'variants' does not exist on type '{ id: string; name: string; createdAt: Date; updatedAt: Date; slug: string; description: string | null; displayOrder: number; isFeatured: boolean; sku: string | null; status: string; ... 5 more ...; collectionId: string; }'.
src/app/api/admin/[brandSlug]/products/route.ts(62,44): error TS7006: Parameter 'sum' implicitly has an 'any' type.
src/app/api/admin/[brandSlug]/products/route.ts(62,49): error TS7006: Parameter 'v' implicitly has an 'any' type.
src/app/api/admin/[brandSlug]/products/route.ts(100,17): error TS2353: Object literal may only specify known properties, and 'basePrice' does not exist in type '(Without<ProductCreateInput, ProductUncheckedCreateInput> & ProductUncheckedCreateInput) | (Without<...> & ProductCreateInput)'.
src/app/api/admin/merch/collections/[id]/products/[productId]/route.ts(20,48): error TS2339: Property 'collectionProduct' does not exist on type 'PrismaClient<PrismaClientOptions, never, DefaultArgs>'.
src/app/api/admin/merch/collections/[id]/products/[productId]/route.ts(68,22): error TS2339: Property 'collectionProduct' does not exist on type 'PrismaClient<PrismaClientOptions, never, DefaultArgs>'.
src/app/api/admin/merch/collections/[id]/products/route.ts(19,39): error TS2339: Property 'collectionProduct' does not exist on type 'PrismaClient<PrismaClientOptions, never, DefaultArgs>'.
src/app/api/admin/merch/collections/[id]/products/route.ts(63,39): error TS2339: Property 'collectionProduct' does not exist on type 'PrismaClient<PrismaClientOptions, never, DefaultArgs>'.
src/app/api/admin/merch/collections/[id]/products/route.ts(77,39): error TS2339: Property 'collectionProduct' does not exist on type 'PrismaClient<PrismaClientOptions, never, DefaultArgs>'.
src/app/api/admin/merch/collections/[id]/products/route.ts(83,48): error TS2339: Property 'collectionProduct' does not exist on type 'PrismaClient<PrismaClientOptions, never, DefaultArgs>'.
src/app/api/admin/mockup-config/[id]/route.ts(23,48): error TS2339: Property 'mockupConfig' does not exist on type 'PrismaClient<PrismaClientOptions, never, DefaultArgs>'.
src/app/api/admin/mockup-config/[id]/route.ts(28,30): error TS2339: Property 'mockupConfig' does not exist on type 'PrismaClient<PrismaClientOptions, never, DefaultArgs>'.
src/app/api/admin/mockup-config/[id]/route.ts(41,37): error TS2339: Property 'mockupConfig' does not exist on type 'PrismaClient<PrismaClientOptions, never, DefaultArgs>'.
src/app/api/admin/mockup-config/[id]/route.ts(78,22): error TS2339: Property 'mockupConfig' does not exist on type 'PrismaClient<PrismaClientOptions, never, DefaultArgs>'.
src/app/api/admin/mockup-config/route.ts(14,38): error TS2339: Property 'mockupConfig' does not exist on type 'PrismaClient<PrismaClientOptions, never, DefaultArgs>'.
src/app/api/admin/mockup-config/route.ts(19,48): error TS7006: Parameter 'config' implicitly has an 'any' type.
src/app/api/admin/mockup-config/route.ts(53,30): error TS2339: Property 'mockupConfig' does not exist on type 'PrismaClient<PrismaClientOptions, never, DefaultArgs>'.
src/app/api/admin/mockup-config/route.ts(74,37): error TS2339: Property 'mockupConfig' does not exist on type 'PrismaClient<PrismaClientOptions, never, DefaultArgs>'.
src/app/api/admin/mockup-templates/[id]/route.ts(18,39): error TS2551: Property 'mockupProductTemplate' does not exist on type 'PrismaClient<PrismaClientOptions, never, DefaultArgs>'. Did you mean 'mockupTemplate'?
src/app/api/admin/mockup-templates/[id]/route.ts(50,39): error TS2551: Property 'mockupProductTemplate' does not exist on type 'PrismaClient<PrismaClientOptions, never, DefaultArgs>'. Did you mean 'mockupTemplate'?
src/app/api/admin/mockup-templates/[id]/route.ts(76,22): error TS2551: Property 'mockupProductTemplate' does not exist on type 'PrismaClient<PrismaClientOptions, never, DefaultArgs>'. Did you mean 'mockupTemplate'?
src/app/api/admin/mockup-templates/route.ts(22,40): error TS2551: Property 'mockupProductTemplate' does not exist on type 'PrismaClient<PrismaClientOptions, never, DefaultArgs>'. Did you mean 'mockupTemplate'?
src/app/api/admin/mockup-templates/route.ts(33,50): error TS7006: Parameter 't' implicitly has an 'any' type.
src/app/api/admin/mockup-templates/route.ts(63,39): error TS2551: Property 'mockupProductTemplate' does not exist on type 'PrismaClient<PrismaClientOptions, never, DefaultArgs>'. Did you mean 'mockupTemplate'?
src/app/api/admin/mockup-templates/route.ts(71,39): error TS2551: Property 'mockupProductTemplate' does not exist on type 'PrismaClient<PrismaClientOptions, never, DefaultArgs>'. Did you mean 'mockupTemplate'?
src/app/api/admin/mockup-variants/[id]/route.ts(22,38): error TS2339: Property 'mockupVariant' does not exist on type 'PrismaClient<PrismaClientOptions, never, DefaultArgs>'.
src/app/api/admin/mockup-variants/[id]/route.ts(60,22): error TS2339: Property 'mockupVariant' does not exist on type 'PrismaClient<PrismaClientOptions, never, DefaultArgs>'.
src/app/api/admin/mockup-variants/route.ts(14,39): error TS2339: Property 'mockupVariant' does not exist on type 'PrismaClient<PrismaClientOptions, never, DefaultArgs>'.
src/app/api/admin/mockup-variants/route.ts(42,42): error TS2339: Property 'mockupVariant' does not exist on type 'PrismaClient<PrismaClientOptions, never, DefaultArgs>'.
src/app/api/admin/mockup-variants/route.ts(48,38): error TS2339: Property 'mockupVariant' does not exist on type 'PrismaClient<PrismaClientOptions, never, DefaultArgs>'.
src/app/api/admin/orders/route.ts(17,23): error TS2353: Object literal may only specify known properties, and 'product' does not exist in type 'OrderWhereInput'.
src/app/api/admin/orders/route.ts(18,23): error TS2353: Object literal may only specify known properties, and 'product' does not exist in type 'OrderWhereInput'.
src/app/api/admin/orders/route.ts(22,17): error TS2353: Object literal may only specify known properties, and 'product' does not exist in type 'OrderInclude<DefaultArgs>'.
src/app/api/admin/pricing/rules/route.ts(118,17): error TS2353: Object literal may only specify known properties, and 'ruleId' does not exist in type '(Without<PriceHistoryCreateInput, PriceHistoryUncheckedCreateInput> & PriceHistoryUncheckedCreateInput) | (Without<...> & PriceHistoryCreateInput)'.
src/app/api/analytics/dashboard/route.ts(5,20): error TS2459: Module '"@/lib/auth/requireAccess"' declares 'AccessContext' locally, but it is not exported.
src/app/api/analytics/import/sales/route.ts(5,20): error TS2459: Module '"@/lib/auth/requireAccess"' declares 'AccessContext' locally, but it is not exported.
src/app/api/analytics/recommendations/route.ts(5,20): error TS2459: Module '"@/lib/auth/requireAccess"' declares 'AccessContext' locally, but it is not exported.
src/app/api/autonomous-analytics/approvals/[id]/approve/route.ts(26,24): error TS2353: Object literal may only specify known properties, and 'rule' does not exist in type 'ApprovalRequestInclude<DefaultArgs>'.
src/app/api/autonomous-analytics/approvals/[id]/approve/route.ts(36,22): error TS2339: Property 'status' does not exist on type '{ id: string; brandId: string; createdAt: Date; ruleId: string; decisionId: string; decisionRuleId: string | null; actionId: string; autonomyLevel: number; expiresAt: Date | null; ... 13 more ...; estimatedImpact: JsonValue; }'.
src/app/api/autonomous-analytics/approvals/[id]/approve/route.ts(43,13): error TS18047: 'approval.expiresAt' is possibly 'null'.
src/app/api/autonomous-analytics/approvals/[id]/approve/route.ts(54,17): error TS2353: Object literal may only specify known properties, and 'status' does not exist in type '(Without<ApprovalRequestUpdateInput, ApprovalRequestUncheckedUpdateInput> & ApprovalRequestUncheckedUpdateInput) | (Without<...> & ApprovalRequestUpdateInput)'.
src/app/api/autonomous-analytics/approvals/[id]/approve/route.ts(64,17): error TS2353: Object literal may only specify known properties, and 'eventType' does not exist in type 'Without<AuditLogCreateInput, AuditLogUncheckedCreateInput> & AuditLogUncheckedCreateInput'.
src/app/api/autonomous-analytics/approvals/[id]/reject/route.ts(42,22): error TS2339: Property 'status' does not exist on type '{ id: string; brandId: string; createdAt: Date; ruleId: string; decisionId: string; decisionRuleId: string | null; actionId: string; autonomyLevel: number; expiresAt: Date | null; ... 13 more ...; estimatedImpact: JsonValue; }'.
src/app/api/autonomous-analytics/approvals/[id]/reject/route.ts(53,17): error TS2353: Object literal may only specify known properties, and 'status' does not exist in type '(Without<ApprovalRequestUpdateInput, ApprovalRequestUncheckedUpdateInput> & ApprovalRequestUncheckedUpdateInput) | (Without<...> & ApprovalRequestUpdateInput)'.
src/app/api/autonomous-analytics/approvals/[id]/reject/route.ts(64,17): error TS2353: Object literal may only specify known properties, and 'eventType' does not exist in type 'Without<AuditLogCreateInput, AuditLogUncheckedCreateInput> & AuditLogUncheckedCreateInput'.
src/app/api/autonomous-analytics/approvals/history/route.ts(23,17): error TS2353: Object literal may only specify known properties, and 'status' does not exist in type 'ApprovalRequestWhereInput'.
src/app/api/autonomous-analytics/approvals/history/route.ts(26,17): error TS2353: Object literal may only specify known properties, and 'rule' does not exist in type 'ApprovalRequestInclude<DefaultArgs>'.
src/app/api/autonomous-analytics/approvals/history/route.ts(35,49): error TS2339: Property 'processedAt' does not exist on type '{ id: string; brandId: string; createdAt: Date; ruleId: string; decisionId: string; decisionRuleId: string | null; actionId: string; autonomyLevel: number; expiresAt: Date | null; ... 13 more ...; estimatedImpact: JsonValue; }'.
src/app/api/autonomous-analytics/approvals/history/route.ts(39,36): error TS2339: Property 'rule' does not exist on type '{ id: string; brandId: string; createdAt: Date; ruleId: string; decisionId: string; decisionRuleId: string | null; actionId: string; autonomyLevel: number; expiresAt: Date | null; ... 13 more ...; estimatedImpact: JsonValue; }'.
src/app/api/autonomous-analytics/approvals/history/route.ts(40,38): error TS2551: Property 'action' does not exist on type '{ id: string; brandId: string; createdAt: Date; ruleId: string; decisionId: string; decisionRuleId: string | null; actionId: string; autonomyLevel: number; expiresAt: Date | null; ... 13 more ...; estimatedImpact: JsonValue; }'. Did you mean 'actionId'?
src/app/api/autonomous-analytics/approvals/history/route.ts(41,34): error TS2339: Property 'status' does not exist on type '{ id: string; brandId: string; createdAt: Date; ruleId: string; decisionId: string; decisionRuleId: string | null; actionId: string; autonomyLevel: number; expiresAt: Date | null; ... 13 more ...; estimatedImpact: JsonValue; }'.
src/app/api/autonomous-analytics/approvals/history/route.ts(45,39): error TS2339: Property 'processedAt' does not exist on type '{ id: string; brandId: string; createdAt: Date; ruleId: string; decisionId: string; decisionRuleId: string | null; actionId: string; autonomyLevel: number; expiresAt: Date | null; ... 13 more ...; estimatedImpact: JsonValue; }'.
src/app/api/autonomous-analytics/approvals/pending/route.ts(23,17): error TS2353: Object literal may only specify known properties, and 'status' does not exist in type 'ApprovalRequestWhereInput'.
src/app/api/autonomous-analytics/approvals/pending/route.ts(27,17): error TS2353: Object literal may only specify known properties, and 'rule' does not exist in type 'ApprovalRequestInclude<DefaultArgs>'.
src/app/api/autonomous-analytics/approvals/pending/route.ts(35,39): error TS2339: Property 'metadata' does not exist on type '{ id: string; brandId: string; createdAt: Date; ruleId: string; decisionId: string; decisionRuleId: string | null; actionId: string; autonomyLevel: number; expiresAt: Date | null; ... 13 more ...; estimatedImpact: JsonValue; }'.
src/app/api/autonomous-analytics/approvals/pending/route.ts(36,43): error TS18047: 'approval.expiresAt' is possibly 'null'.
src/app/api/autonomous-analytics/approvals/pending/route.ts(40,36): error TS2339: Property 'rule' does not exist on type '{ id: string; brandId: string; createdAt: Date; ruleId: string; decisionId: string; decisionRuleId: string | null; actionId: string; autonomyLevel: number; expiresAt: Date | null; ... 13 more ...; estimatedImpact: JsonValue; }'.
src/app/api/autonomous-analytics/approvals/pending/route.ts(41,38): error TS2551: Property 'action' does not exist on type '{ id: string; brandId: string; createdAt: Date; ruleId: string; decisionId: string; decisionRuleId: string | null; actionId: string; autonomyLevel: number; expiresAt: Date | null; ... 13 more ...; estimatedImpact: JsonValue; }'. Did you mean 'actionId'?
src/app/api/autonomous-analytics/budget/per-rule/route.ts(26,30): error TS7006: Parameter 'rule' implicitly has an 'any' type.
src/app/api/autonomous-analytics/dashboard/exposure/route.ts(29,17): error TS2353: Object literal may only specify known properties, and 'rule' does not exist in type 'ExecutionLogInclude<DefaultArgs>'.
src/app/api/autonomous-analytics/dashboard/exposure/route.ts(35,67): error TS2339: Property 'rule' does not exist on type '{ id: string; brandId: string; status: string; ruleId: string; action: string; metadata: JsonValue; executedAt: Date; decisionId: string | null; auditData: JsonValue; ... 4 more ...; decisionRuleId: string | null; }'.
src/app/api/autonomous-analytics/dashboard/heatmap/route.ts(41,52): error TS2339: Property 'riskTier' does not exist on type '{ executions: { id: string; brandId: string; status: string; ruleId: string; action: string; metadata: JsonValue; executedAt: Date; decisionId: string | null; auditData: JsonValue; ... 4 more ...; decisionRuleId: string | null; }[]; } & { ...; }'.
src/app/api/autonomous-analytics/executions/[id]/rollback/route.ts(70,33): error TS2339: Property 'duration_ms' does not exist on type '{ success: boolean; error?: string | undefined; }'.
src/app/api/autonomous-analytics/executions/[id]/route.ts(47,33): error TS2551: Property 'actionId' does not exist on type '{ decisionRule: { id: string; brandId: string; name: string | null; isActive: boolean; createdAt: Date; updatedAt: Date; description: string | null; category: string | null; ... 7 more ...; lastModifiedBy: string | null; } | null; snapshot: { ...; } | null; } & { ...; }'. Did you mean 'action'?
src/app/api/autonomous-analytics/executions/route.ts(47,17): error TS2353: Object literal may only specify known properties, and 'rule' does not exist in type 'ExecutionLogInclude<DefaultArgs>'.
src/app/api/autonomous-analytics/rules/[ruleId]/pause/route.ts(56,17): error TS2820: Type '"rule_paused"' is not assignable to type 'AuditAction'. Did you mean '"RULE_PAUSED"'?
src/app/api/autonomous-analytics/rules/[ruleId]/route.ts(45,39): error TS2554: Expected 2 arguments, but got 1.
src/app/api/autonomous-analytics/rules/[ruleId]/route.ts(62,32): error TS2820: Type '"rule_expanded"' is not assignable to type 'AuditAction'. Did you mean '"RULE_EXPANDED"'?
src/app/api/autonomous-analytics/rules/[ruleId]/route.ts(62,49): error TS2820: Type '"rule_demoted"' is not assignable to type 'AuditAction'. Did you mean '"RULE_DEMOTED"'?
src/app/api/autonomous-analytics/rules/[ruleId]/route.ts(78,30): error TS2339: Property 'trustScore' does not exist on type '{ executions: { id: string; brandId: string; status: string; ruleId: string; action: string; metadata: JsonValue; executedAt: Date; decisionId: string | null; auditData: JsonValue; ... 4 more ...; decisionRuleId: string | null; }[]; } & { ...; }'.
src/app/api/autonomous-analytics/rules/route.ts(59,34): error TS2339: Property 'trustScore' does not exist on type '{ executions: { id: string; brandId: string; status: string; ruleId: string; action: string; metadata: JsonValue; executedAt: Date; decisionId: string | null; auditData: JsonValue; ... 4 more ...; decisionRuleId: string | null; }[]; } & { ...; }'.
src/app/api/autonomous-analytics/settings/autonomy-level/route.ts(59,17): error TS2322: Type '`level${any}_enabled` | `level${any}_disabled`' is not assignable to type 'AuditAction'.
  Type '`level${any}_enabled`' is not assignable to type 'AuditAction'.
src/app/api/autonomous-analytics/settings/budget-limits/route.ts(67,17): error TS2322: Type '"budget_limits_updated"' is not assignable to type 'AuditAction'.
src/app/api/autonomous-analytics/simulation/route.ts(23,13): error TS2353: Object literal may only specify known properties, and 'manualContext' does not exist in type 'DecisionInput'.
src/app/api/autonomous-analytics/trust/score/route.ts(20,49): error TS2345: Argument of type 'string' is not assignable to parameter of type 'TrustMetrics'.
src/app/api/autonomous-analytics/trust/trend/route.ts(26,17): error TS2353: Object literal may only specify known properties, and 'timestamp' does not exist in type 'TrustMetricsHistoryWhereInput'.
src/app/api/autonomous-analytics/trust/trend/route.ts(28,24): error TS2353: Object literal may only specify known properties, and 'timestamp' does not exist in type 'TrustMetricsHistoryOrderByWithRelationInput | TrustMetricsHistoryOrderByWithRelationInput[]'.
src/app/api/autonomous-analytics/trust/trend/route.ts(33,21): error TS2339: Property 'timestamp' does not exist on type '{ id: string; brandId: string; date: Date; overallScore: number; ruleAcceptanceRate: number; aiAgreementRate: number; stabilityScore: number; forecastAccuracy: number; }'.
src/app/api/autonomous-analytics/trust/trend/route.ts(34,27): error TS2339: Property 'trustScore' does not exist on type '{ id: string; brandId: string; date: Date; overallScore: number; ruleAcceptanceRate: number; aiAgreementRate: number; stabilityScore: number; forecastAccuracy: number; }'.
src/app/api/autonomous-analytics/trust/trend/route.ts(37,31): error TS2339: Property 'rollbackFrequency' does not exist on type '{ id: string; brandId: string; date: Date; overallScore: number; ruleAcceptanceRate: number; aiAgreementRate: number; stabilityScore: number; forecastAccuracy: number; }'.
src/app/api/autonomous-analytics/trust/trend/route.ts(38,47): error TS2339: Property 'forecastVsActualDelta' does not exist on type '{ id: string; brandId: string; date: Date; overallScore: number; ruleAcceptanceRate: number; aiAgreementRate: number; stabilityScore: number; forecastAccuracy: number; }'.
src/app/api/brands/[brandId]/products/route.ts(41,56): error TS2322: Type '{ OR: ({ name: { contains: string; mode: string; }; } | { description: { contains: string; mode: string; }; } | { slug: { contains: string; mode: string; }; })[]; } | {}' is not assignable to type 'FrozenProductWhereInput'.
  Type '{ OR: ({ name: { contains: string; mode: string; }; } | { description: { contains: string; mode: string; }; } | { slug: { contains: string; mode: string; }; })[]; }' is not assignable to type 'FrozenProductWhereInput'.
    Types of property 'OR' are incompatible.
      Type '({ name: { contains: string; mode: string; }; } | { description: { contains: string; mode: string; }; } | { slug: { contains: string; mode: string; }; })[]' is not assignable to type 'FrozenProductWhereInput[]'.
        Type '{ name: { contains: string; mode: string; }; } | { description: { contains: string; mode: string; }; } | { slug: { contains: string; mode: string; }; }' is not assignable to type 'FrozenProductWhereInput'.
          Type '{ name: { contains: string; mode: string; }; }' is not assignable to type 'FrozenProductWhereInput'.
            Types of property 'name' are incompatible.
              Object literal may only specify known properties, and 'mode' does not exist in type 'StringFilter<"FrozenProduct">'.
src/app/api/cron/subscription-billing/route.ts(66,25): error TS2353: Object literal may only specify known properties, and 'items' does not exist in type 'Without<OrderCreateInput, OrderUncheckedCreateInput> & OrderUncheckedCreateInput'.
src/app/api/invoice/create/route.ts(18,24): error TS2353: Object literal may only specify known properties, and 'product' does not exist in type 'OrderInclude<DefaultArgs>'.
src/app/api/invoice/create/route.ts(78,17): error TS1117: An object literal cannot have multiple properties with the same name.
src/app/api/invoice/create/route.ts(87,29): error TS2339: Property 'product' does not exist on type '{ id: string; brandId: string | null; createdAt: Date; updatedAt: Date; status: string; total: Decimal; invoiceNo: string; manualRef: string | null; quantity: number; ... 23 more ...; flashSaleConfigId: string | null; }'.
src/app/api/invoice/create/route.ts(88,36): error TS2339: Property 'variant' does not exist on type '{ id: string; brandId: string | null; createdAt: Date; updatedAt: Date; status: string; total: Decimal; invoiceNo: string; manualRef: string | null; quantity: number; ... 23 more ...; flashSaleConfigId: string | null; }'.
src/app/api/orders/route.ts(5,20): error TS2459: Module '"@/lib/auth/requireAccess"' declares 'AccessContext' locally, but it is not exported.
src/app/api/orders/route.ts(54,29): error TS2353: Object literal may only specify known properties, and 'userId' does not exist in type '(Without<OrderCreateInput, OrderUncheckedCreateInput> & OrderUncheckedCreateInput) | (Without<...> & OrderCreateInput)'.
src/app/api/orders/route.ts(66,29): error TS2322: Type '{ orderId: string; variantId: any; quantity: any; price: any; }' is not assignable to type '(Without<OrderItemCreateInput, OrderItemUncheckedCreateInput> & OrderItemUncheckedCreateInput) | (Without<...> & OrderItemCreateInput)'.
  Type '{ orderId: string; variantId: any; quantity: any; price: any; }' is not assignable to type 'Without<OrderItemCreateInput, OrderItemUncheckedCreateInput> & OrderItemUncheckedCreateInput'.
    Type '{ orderId: string; variantId: any; quantity: any; price: any; }' is missing the following properties from type 'OrderItemUncheckedCreateInput': name, subtotal
src/app/api/orders/route.ts(90,29): error TS2353: Object literal may only specify known properties, and 'method' does not exist in type 'Without<PaymentCreateInput, PaymentUncheckedCreateInput> & PaymentUncheckedCreateInput'.
src/app/api/orders/route.ts(100,29): error TS2353: Object literal may only specify known properties, and 'paymentStatus' does not exist in type '(Without<OrderUpdateInput, OrderUncheckedUpdateInput> & OrderUncheckedUpdateInput) | (Without<...> & OrderUpdateInput)'.
src/app/api/orders/route.ts(159,21): error TS2353: Object literal may only specify known properties, and 'items' does not exist in type 'OrderInclude<DefaultArgs>'.
src/app/api/public/[brandSlug]/case-studies/[slug]/route.ts(11,35): error TS2339: Property 'brandSlug' does not exist on type 'Promise<{ brandSlug: string; slug: string; }>'.
src/app/api/public/[brandSlug]/case-studies/[slug]/route.ts(22,34): error TS2339: Property 'slug' does not exist on type 'Promise<{ brandSlug: string; slug: string; }>'.
src/app/api/public/[brandSlug]/case-studies/route.ts(11,35): error TS2339: Property 'brandSlug' does not exist on type 'Promise<{ brandSlug: string; }>'.
src/app/api/public/[brandSlug]/lifecycle/route.ts(11,35): error TS2339: Property 'brandSlug' does not exist on type 'Promise<{ brandSlug: string; }>'.
src/app/api/public/[brandSlug]/services/route.ts(11,35): error TS2339: Property 'brandSlug' does not exist on type 'Promise<{ brandSlug: string; }>'.
src/app/api/public/merch/mockup-config/route.ts(17,38): error TS2339: Property 'mockupConfig' does not exist on type 'PrismaClient<PrismaClientOptions, never, DefaultArgs>'.
src/app/api/public/merch/orders/route.ts(63,17): error TS2353: Object literal may only specify known properties, and 'items' does not exist in type 'Without<OrderCreateInput, OrderUncheckedCreateInput> & OrderUncheckedCreateInput'.
src/app/api/public/mockup-config/route.ts(6,38): error TS2339: Property 'mockupConfig' does not exist on type 'PrismaClient<PrismaClientOptions, never, DefaultArgs>'.
src/app/api/public/mockup-templates/route.ts(23,40): error TS2551: Property 'mockupProductTemplate' does not exist on type 'PrismaClient<PrismaClientOptions, never, DefaultArgs>'. Did you mean 'mockupTemplate'?
src/app/api/refunds/route.ts(5,20): error TS2459: Module '"@/lib/auth/requireAccess"' declares 'AccessContext' locally, but it is not exported.
src/app/auth/signin/page.tsx(162,30): error TS2304: Cannot find name 'ShieldCheck'.
src/app/dashboard/[brandSlug]/case-studies/page.tsx(128,81): error TS2322: Type '{ className: string; title: string; }' is not assignable to type 'IntrinsicAttributes & Omit<LucideProps, "ref"> & RefAttributes<SVGSVGElement>'.
  Property 'title' does not exist on type 'IntrinsicAttributes & Omit<LucideProps, "ref"> & RefAttributes<SVGSVGElement>'.
src/app/dashboard/[brandSlug]/case-studies/page.tsx(130,84): error TS2322: Type '{ className: string; title: string; }' is not assignable to type 'IntrinsicAttributes & Omit<LucideProps, "ref"> & RefAttributes<SVGSVGElement>'.
  Property 'title' does not exist on type 'IntrinsicAttributes & Omit<LucideProps, "ref"> & RefAttributes<SVGSVGElement>'.
src/app/dashboard/[brandSlug]/marketing/campaigns/[id]/page.tsx(22,14): error TS2739: Type '{ brandId: string; initialData: { id: string; brandId: string; isActive: boolean; createdAt: Date; updatedAt: Date; slug: string; description: string | null; title: string; heroImage: string | null; startDate: Date; endDate: Date; } | null; }' is missing the following properties from type 'CampaignFormProps': onCancel, onSuccess
src/app/dashboard/[brandSlug]/marketing/flash-sale/page.tsx(20,17): error TS2322: Type '{ brandId: string; initialConfig: { id: string; brandId: string; name: string; isActive: boolean; createdAt: Date; updatedAt: Date; startTime: string; endTime: string; discountPercentage: Decimal; ... 4 more ...; targetIds: JsonValue; } | null; onClose: () => void; }' is not assignable to type 'IntrinsicAttributes & { brandId: string; onClose: () => void; }'.
  Property 'initialConfig' does not exist on type 'IntrinsicAttributes & { brandId: string; onClose: () => void; }'.
src/app/dashboard/mockup/page.tsx(6,34): error TS2339: Property 'mockupConfig' does not exist on type 'PrismaClient<PrismaClientOptions, never, DefaultArgs>'.
src/app/dashboard/mockup/page.tsx(41,39): error TS7006: Parameter 'config' implicitly has an 'any' type.
src/app/dashboard/rasa-ibu/inventory/labels/page.tsx(56,29): error TS2339: Property 'price' does not exist on type '{ product: { id: string; name: string; createdAt: Date; updatedAt: Date; slug: string; description: string | null; displayOrder: number; isFeatured: boolean; sku: string | null; ... 6 more ...; collectionId: string; }; } & { ...; }'.
src/components/admin/Sidebar.tsx(162,38): error TS18048: 'item.items' is possibly 'undefined'.
src/components/commerce/SubscriptionList.tsx(22,55): error TS2554: Expected 0 arguments, but got 1.
src/components/dashboard/holding/HoldingAuditLog.tsx(60,21): error TS2345: Argument of type '({ brand: { id: string; name: string; slug: string; } | null; user: { id: string; name: string; email: string; }; } & { id: string; brandId: string | null; createdAt: Date; action: AuditAction; ... 10 more ...; severity: AuditSeverity; })[] | undefined' is not assignable to parameter of type 'SetStateAction<AuditLog[]>'.
  Type 'undefined' is not assignable to type 'SetStateAction<AuditLog[]>'.
src/components/dashboard/holding/HoldingFinanceHub.tsx(34,26): error TS2345: Argument of type 'ConsolidatedFinancePulse | undefined' is not assignable to parameter of type 'SetStateAction<ConsolidatedFinancePulse | null>'.
  Type 'undefined' is not assignable to type 'SetStateAction<ConsolidatedFinancePulse | null>'.
src/components/dashboard/holding/HoldingTalentHub.tsx(35,28): error TS2345: Argument of type 'StaffMetric[] | undefined' is not assignable to parameter of type 'SetStateAction<any[]>'.
  Type 'undefined' is not assignable to type 'SetStateAction<any[]>'.
src/components/dashboard/holding/RiskControlCenter.tsx(24,26): error TS2345: Argument of type '({ brand: { name: string; } | null; } & { id: string; brandId: string | null; type: AnomalyType; createdAt: Date; updatedAt: Date; description: string; status: AnomalyStatus; metadata: JsonValue; severity: AnomalySeverity; resolvedBy: string | null; resolvedAt: Date | null; })[] | undefined' is not assignable to parameter of type 'SetStateAction<any[]>'.
  Type 'undefined' is not assignable to type 'SetStateAction<any[]>'.
src/components/dashboard/merch/MerchProductList.tsx(12,8): error TS2307: Cannot find module '@/components/ui/table' or its corresponding type declarations.
src/components/dashboard/owner/AuditTrailViewer.tsx(90,43): error TS7006: Parameter 'log' implicitly has an 'any' type.
src/components/dashboard/rasa-ibu/production/IngredientForecaster.tsx(22,42): error TS2345: Argument of type '{ name: string; sku: string; unit: string; totalQuantity: number; stockOnHand: number; id: string; }[] | undefined' is not assignable to parameter of type 'SetStateAction<any[]>'.
  Type 'undefined' is not assignable to type 'SetStateAction<any[]>'.
src/components/dashboard/rasa-ibu/TaxCompliancePanel.tsx(135,41): error TS2304: Cannot find name 'RefreshCw'.
src/components/dashboard/rasa-ibu/WarehouseManager.tsx(244,54): error TS2686: 'React' refers to a UMD global, but the current file is a module. Consider adding an import instead.
src/components/dashboard/rasa-ibu/WarehouseManager.tsx(301,55): error TS2686: 'React' refers to a UMD global, but the current file is a module. Consider adding an import instead.
src/components/marketing/BundleForm.tsx(49,9): error TS2304: Cannot find name 'setSearchQuery'.
src/components/marketing/BundleForm.tsx(50,9): error TS2304: Cannot find name 'setProducts'.
src/components/marketing/BundleForm.tsx(147,42): error TS7006: Parameter 'item' implicitly has an 'any' type.
src/components/marketing/BundleForm.tsx(147,48): error TS7006: Parameter 'index' implicitly has an 'any' type.
src/components/marketing/FlashSaleForm.tsx(133,53): error TS7006: Parameter 'id' implicitly has an 'any' type.
src/components/marketing/FlashSaleForm.tsx(140,82): error TS7006: Parameter 'i' implicitly has an 'any' type.
src/components/PackagingOptionsSection.tsx(71,98): error TS2769: No overload matches this call.
  The last overload gave the following error.
    Object literal may only specify known properties, and 'className' does not exist in type 'Partial<unknown> & Attributes'.
src/lib/actions/commerce/customers.ts(19,17): error TS2322: Type '{ customerName: null; }' is not assignable to type 'OrderWhereInput | OrderWhereInput[] | undefined'.
  Types of property 'customerName' are incompatible.
    Type 'null' is not assignable to type 'string | StringFilter<"Order"> | undefined'.
src/lib/actions/commerce/orders.ts(342,21): error TS2353: Object literal may only specify known properties, and 'mode' does not exist in type 'StringFilter<"Order">'.
src/lib/actions/inventory/skuGenerator.ts(18,25): error TS2353: Object literal may only specify known properties, and 'category' does not exist in type 'ProductInclude<DefaultArgs>'.
src/lib/analytics/ads-import.ts(6,30): error TS7016: Could not find a declaration file for module 'uuid'. 'D:/PROJECT IOT/Automation Smart Lighting System/smart-billiard-main/achiera-web/node_modules/uuid/dist/esm-browser/index.js' implicitly has an 'any' type.
  Try `npm i --save-dev @types/uuid` if it exists or add a new declaration (.d.ts) file containing `declare module 'uuid';`
src/lib/analytics/ads-import.ts(177,17): error TS2322: Type 'string[] | null' is not assignable to type 'NullableJsonNullValueInput | InputJsonValue | undefined'.
  Type 'null' is not assignable to type 'NullableJsonNullValueInput | InputJsonValue | undefined'.
src/lib/analytics/event-writer.ts(60,17): error TS2353: Object literal may only specify known properties, and 'eventType' does not exist in type 'Without<AnalyticsEventCreateInput, AnalyticsEventUncheckedCreateInput> & AnalyticsEventUncheckedCreateInput'.
src/lib/analytics/event-writer.ts(92,13): error TS2322: Type '{ brandId: string; eventType: AnalyticsEventType; eventTimestamp: Date; correlationId: string | undefined; payload: Record<string, any>; source: EventSource; sourceId: string | undefined; createdBy: string | undefined; }[]' is not assignable to type 'AnalyticsEventCreateManyInput | AnalyticsEventCreateManyInput[]'.
  Type '{ brandId: string; eventType: AnalyticsEventType; eventTimestamp: Date; correlationId: string | undefined; payload: Record<string, any>; source: EventSource; sourceId: string | undefined; createdBy: string | undefined; }[]' is not assignable to type 'AnalyticsEventCreateManyInput[]'.
    Property 'type' is missing in type '{ brandId: string; eventType: AnalyticsEventType; eventTimestamp: Date; correlationId: string | undefined; payload: Record<string, any>; source: EventSource; sourceId: string | undefined; createdBy: string | undefined; }' but required in type 'AnalyticsEventCreateManyInput'.
src/lib/analytics/jobs/daily-sales-aggregation.ts(39,13): error TS2353: Object literal may only specify known properties, and 'eventType' does not exist in type 'AnalyticsEventWhereInput'.
src/lib/analytics/jobs/daily-sales-aggregation.ts(70,31): error TS2339: Property 'payload' does not exist on type '{ id: string; brandId: string; type: AnalyticsEventType; createdAt: Date; metadata: JsonValue; userAgent: string | null; path: string | null; collectionSlug: string | null; ipHash: string | null; referrer: string | null; sessionId: string | null; }'.
src/lib/analytics/jobs/daily-sales-aggregation.ts(89,13): error TS2353: Object literal may only specify known properties, and 'eventType' does not exist in type 'AnalyticsEventWhereInput'.
src/lib/analytics/jobs/daily-sales-aggregation.ts(98,31): error TS2339: Property 'payload' does not exist on type '{ id: string; brandId: string; type: AnalyticsEventType; createdAt: Date; metadata: JsonValue; userAgent: string | null; path: string | null; collectionSlug: string | null; ipHash: string | null; referrer: string | null; sessionId: string | null; }'.
src/lib/analytics/jobs/daily-sales-aggregation.ts(108,13): error TS2353: Object literal may only specify known properties, and 'eventType' does not exist in type 'AnalyticsEventWhereInput'.
src/lib/analytics/jobs/daily-sales-aggregation.ts(147,21): error TS2353: Object literal may only specify known properties, and 'unique_brand_date' does not exist in type 'AnalyticsDailySalesWhereUniqueInput'.
src/lib/analytics/recommendation-engine.ts(5,37): error TS2307: Cannot find module '../event-writer' or its corresponding type declarations.
src/lib/analytics/recommendation-engine.ts(200,17): error TS2353: Object literal may only specify known properties, and 'eventType' does not exist in type 'AnalyticsEventWhereInput'.
src/lib/analytics/sales-import.ts(6,30): error TS7016: Could not find a declaration file for module 'uuid'. 'D:/PROJECT IOT/Automation Smart Lighting System/smart-billiard-main/achiera-web/node_modules/uuid/dist/esm-browser/index.js' implicitly has an 'any' type.
  Try `npm i --save-dev @types/uuid` if it exists or add a new declaration (.d.ts) file containing `declare module 'uuid';`
src/lib/analytics/sales-import.ts(244,17): error TS2322: Type 'string[] | null' is not assignable to type 'NullableJsonNullValueInput | InputJsonValue | undefined'.
  Type 'null' is not assignable to type 'NullableJsonNullValueInput | InputJsonValue | undefined'.
src/lib/analytics/sales-import.ts(245,17): error TS2322: Type 'string[] | null' is not assignable to type 'NullableJsonNullValueInput | InputJsonValue | undefined'.
  Type 'null' is not assignable to type 'NullableJsonNullValueInput | InputJsonValue | undefined'.
src/lib/auth/rbac.ts(51,17): error TS2322: Type '"OWNER_ACCESS"' is not assignable to type 'AuditAction'.
src/lib/auth/rbac.ts(70,32): error TS2345: Argument of type 'string' is not assignable to parameter of type 'BrandRole'.
src/lib/auth/rbac.ts(159,29): error TS2353: Object literal may only specify known properties, and 'logo' does not exist in type 'BrandSelect<DefaultArgs>'.
src/lib/auth/rbac.ts(177,17): error TS2353: Object literal may only specify known properties, and 'logo' does not exist in type 'BrandSelect<DefaultArgs>'.
src/lib/auth/rbac.ts(187,17): error TS2339: Property 'brandRoles' does not exist on type '{ id: string; name: string; createdAt: Date; updatedAt: Date; email: string; passwordHash: string; emailVerified: boolean; phone: string | null; address: string | null; profileImage: string | null; globalRole: GlobalRole; }'.
src/lib/auth/rbac.ts(187,32): error TS7006: Parameter 'br' implicitly has an 'any' type.
src/lib/autonomous-analytics/ai/ai-overlay.ts(106,34): error TS2339: Property 'formatted_current' does not exist on type '{ metric_name: string; current_value: number; threshold_value: number; comparison: "=" | ">" | "<=" | ">=" | "<"; exceeded: boolean; }'.
src/lib/autonomous-analytics/ai/ai-overlay.ts(106,70): error TS2339: Property 'formatted_threshold' does not exist on type '{ metric_name: string; current_value: number; threshold_value: number; comparison: "=" | ">" | "<=" | ">=" | "<"; exceeded: boolean; }'.
src/lib/autonomous-analytics/ai/context-assembler.ts(44,13): error TS2322: Type 'string | null' is not assignable to type 'string'.
  Type 'null' is not assignable to type 'string'.
src/lib/autonomous-analytics/ai/context-assembler.ts(80,9): error TS2322: Type '{ ruleId: string; }' is not assignable to type 'DecisionRuleWhereUniqueInput'.
  Type '{ ruleId: string; }' is not assignable to type '{ id: string | DecisionRuleBrandIdRuleIdCompoundUniqueInput; brandId_ruleId: string | DecisionRuleBrandIdRuleIdCompoundUniqueInput; } & { ...; }'.
    Type '{ ruleId: string; }' is missing the following properties from type '{ id: string | DecisionRuleBrandIdRuleIdCompoundUniqueInput; brandId_ruleId: string | DecisionRuleBrandIdRuleIdCompoundUniqueInput; }': id, brandId_ruleId
src/lib/autonomous-analytics/ai/context-assembler.ts(90,22): error TS2339: Property 'domain' does not exist on type '{ id: string; brandId: string; name: string | null; isActive: boolean; createdAt: Date; updatedAt: Date; description: string | null; category: string | null; status: string; ruleId: string; ... 5 more ...; lastModifiedBy: string | null; }'.
src/lib/autonomous-analytics/ai/context-assembler.ts(91,24): error TS2339: Property 'priority' does not exist on type '{ id: string; brandId: string; name: string | null; isActive: boolean; createdAt: Date; updatedAt: Date; description: string | null; category: string | null; status: string; ruleId: string; ... 5 more ...; lastModifiedBy: string | null; }'.
src/lib/autonomous-analytics/ai/context-assembler.ts(92,35): error TS2339: Property 'confidenceThreshold' does not exist on type '{ id: string; brandId: string; name: string | null; isActive: boolean; createdAt: Date; updatedAt: Date; description: string | null; category: string | null; status: string; ruleId: string; ... 5 more ...; lastModifiedBy: string | null; }'.
src/lib/autonomous-analytics/ai/context-assembler.ts(93,27): error TS2339: Property 'metricsUsed' does not exist on type '{ id: string; brandId: string; name: string | null; isActive: boolean; createdAt: Date; updatedAt: Date; description: string | null; category: string | null; status: string; ruleId: string; ... 5 more ...; lastModifiedBy: string | null; }'.
src/lib/autonomous-analytics/ai/context-assembler.ts(94,26): error TS2551: Property 'conditions' does not exist on type '{ id: string; brandId: string; name: string | null; isActive: boolean; createdAt: Date; updatedAt: Date; description: string | null; category: string | null; status: string; ruleId: string; ... 5 more ...; lastModifiedBy: string | null; }'. Did you mean 'condition'?
src/lib/autonomous-analytics/ai/context-assembler.ts(113,13): error TS2353: Object literal may only specify known properties, and 'date' does not exist in type 'AggDailySalesWhereInput'.
src/lib/autonomous-analytics/ai/context-assembler.ts(115,20): error TS2353: Object literal may only specify known properties, and 'date' does not exist in type 'AggDailySalesOrderByWithRelationInput | AggDailySalesOrderByWithRelationInput[]'.
src/lib/autonomous-analytics/ai/context-assembler.ts(124,43): error TS2339: Property 'date' does not exist on type '{ id: string; brandId: string; createdAt: Date; updatedAt: Date; orderCount: number; avgOrderValue: Decimal; snapshotDate: Date; grossRevenue: Decimal; ... 6 more ...; ordersByChannel: JsonValue; }'.
src/lib/autonomous-analytics/ai/context-assembler.ts(132,30): error TS2339: Property 'totalRevenue' does not exist on type '{ id: string; brandId: string; createdAt: Date; updatedAt: Date; orderCount: number; avgOrderValue: Decimal; snapshotDate: Date; grossRevenue: Decimal; ... 6 more ...; ordersByChannel: JsonValue; }'.
src/lib/autonomous-analytics/ai/context-assembler.ts(134,30): error TS2339: Property 'totalOrders' does not exist on type '{ id: string; brandId: string; createdAt: Date; updatedAt: Date; orderCount: number; avgOrderValue: Decimal; snapshotDate: Date; grossRevenue: Decimal; ... 6 more ...; ordersByChannel: JsonValue; }'.
src/lib/autonomous-analytics/ai/context-assembler.ts(158,25): error TS2339: Property 'industry' does not exist on type '{ id: string; name: string; isActive: boolean; createdAt: Date; updatedAt: Date; slug: string; paymentSettings: JsonValue; }'.
src/lib/autonomous-analytics/ai/cost-monitor.ts(77,33): error TS2551: Property 'aiExplanationLog' does not exist on type 'PrismaClient<PrismaClientOptions, never, DefaultArgs>'. Did you mean 'aIExplanationLog'?
src/lib/autonomous-analytics/ai/cost-monitor.ts(88,45): error TS7006: Parameter 'sum' implicitly has an 'any' type.
src/lib/autonomous-analytics/ai/cost-monitor.ts(88,50): error TS7006: Parameter 'log' implicitly has an 'any' type.
src/lib/autonomous-analytics/ai/cost-monitor.ts(89,46): error TS7006: Parameter 'sum' implicitly has an 'any' type.
src/lib/autonomous-analytics/ai/cost-monitor.ts(89,51): error TS7006: Parameter 'log' implicitly has an 'any' type.
src/lib/autonomous-analytics/ai/forensic-reviewer.ts(39,17): error TS2322: Type 'string[]' is not assignable to type 'string'.
src/lib/autonomous-analytics/ai/forensic-reviewer.ts(51,30): error TS2551: Property 'actionId' does not exist on type '{ snapshot: { id: string; createdAt: Date; executionLogId: string; preState: JsonValue; postState: JsonValue; } | null; } & { id: string; brandId: string; status: string; ... 10 more ...; decisionRuleId: string | null; }'. Did you mean 'action'?
src/lib/autonomous-analytics/audit-writer.ts(16,17): error TS2353: Object literal may only specify known properties, and 'ruleId' does not exist in type 'Without<AuditLogCreateInput, AuditLogUncheckedCreateInput> & AuditLogUncheckedCreateInput'.
src/lib/autonomous-analytics/audit-writer.ts(206,5): error TS2322: Type '{ id: string; timestamp: Date; brandId: string | null; ruleId: any; actionId: any; eventType: any; before: Record<string, any>; after: Record<string, any>; metadata: Record<...>; }[]' is not assignable to type 'AuditLogEntry[]'.
  Type '{ id: string; timestamp: Date; brandId: string | null; ruleId: any; actionId: any; eventType: any; before: Record<string, any>; after: Record<string, any>; metadata: Record<string, any>; }' is not assignable to type 'AuditLogEntry'.
    Types of property 'brandId' are incompatible.
      Type 'string | null' is not assignable to type 'string'.
        Type 'null' is not assignable to type 'string'.
src/lib/autonomous-analytics/audit-writer.ts(210,21): error TS2339: Property 'ruleId' does not exist on type '{ id: string; brandId: string | null; createdAt: Date; action: AuditAction; metadata: JsonValue; userId: string; userName: string; userRole: string; entityType: string; ... 5 more ...; severity: AuditSeverity; }'.
src/lib/autonomous-analytics/audit-writer.ts(211,23): error TS2551: Property 'actionId' does not exist on type '{ id: string; brandId: string | null; createdAt: Date; action: AuditAction; metadata: JsonValue; userId: string; userName: string; userRole: string; entityType: string; ... 5 more ...; severity: AuditSeverity; }'. Did you mean 'action'?
src/lib/autonomous-analytics/audit-writer.ts(212,24): error TS2339: Property 'eventType' does not exist on type '{ id: string; brandId: string | null; createdAt: Date; action: AuditAction; metadata: JsonValue; userId: string; userName: string; userRole: string; entityType: string; ... 5 more ...; severity: AuditSeverity; }'.
src/lib/autonomous-analytics/audit-writer.ts(213,21): error TS2339: Property 'before' does not exist on type '{ id: string; brandId: string | null; createdAt: Date; action: AuditAction; metadata: JsonValue; userId: string; userName: string; userRole: string; entityType: string; ... 5 more ...; severity: AuditSeverity; }'.
src/lib/autonomous-analytics/audit-writer.ts(214,20): error TS2339: Property 'after' does not exist on type '{ id: string; brandId: string | null; createdAt: Date; action: AuditAction; metadata: JsonValue; userId: string; userName: string; userRole: string; entityType: string; ... 5 more ...; severity: AuditSeverity; }'.
src/lib/autonomous-analytics/audit-writer.ts(230,17): error TS2322: Type 'string[]' is not assignable to type 'string'.
src/lib/autonomous-analytics/audit-writer.ts(237,5): error TS2322: Type '{ id: string; timestamp: Date; brandId: string | null; ruleId: any; actionId: any; eventType: any; before: Record<string, any>; after: Record<string, any>; metadata: Record<...>; }[]' is not assignable to type 'AuditLogEntry[]'.
  Type '{ id: string; timestamp: Date; brandId: string | null; ruleId: any; actionId: any; eventType: any; before: Record<string, any>; after: Record<string, any>; metadata: Record<string, any>; }' is not assignable to type 'AuditLogEntry'.
    Types of property 'brandId' are incompatible.
      Type 'string | null' is not assignable to type 'string'.
        Type 'null' is not assignable to type 'string'.
src/lib/autonomous-analytics/audit-writer.ts(241,21): error TS2339: Property 'ruleId' does not exist on type '{ id: string; brandId: string | null; createdAt: Date; action: AuditAction; metadata: JsonValue; userId: string; userName: string; userRole: string; entityType: string; ... 5 more ...; severity: AuditSeverity; }'.
src/lib/autonomous-analytics/audit-writer.ts(242,23): error TS2551: Property 'actionId' does not exist on type '{ id: string; brandId: string | null; createdAt: Date; action: AuditAction; metadata: JsonValue; userId: string; userName: string; userRole: string; entityType: string; ... 5 more ...; severity: AuditSeverity; }'. Did you mean 'action'?
src/lib/autonomous-analytics/audit-writer.ts(243,24): error TS2339: Property 'eventType' does not exist on type '{ id: string; brandId: string | null; createdAt: Date; action: AuditAction; metadata: JsonValue; userId: string; userName: string; userRole: string; entityType: string; ... 5 more ...; severity: AuditSeverity; }'.
src/lib/autonomous-analytics/audit-writer.ts(244,21): error TS2339: Property 'before' does not exist on type '{ id: string; brandId: string | null; createdAt: Date; action: AuditAction; metadata: JsonValue; userId: string; userName: string; userRole: string; entityType: string; ... 5 more ...; severity: AuditSeverity; }'.
src/lib/autonomous-analytics/audit-writer.ts(245,20): error TS2339: Property 'after' does not exist on type '{ id: string; brandId: string | null; createdAt: Date; action: AuditAction; metadata: JsonValue; userId: string; userName: string; userRole: string; entityType: string; ... 5 more ...; severity: AuditSeverity; }'.
src/lib/autonomous-analytics/audit/audit-export.ts(181,30): error TS2339: Property 'preMetrics' does not exist on type '{ id: string; brandId: string; status: string; ruleId: string; action: string; metadata: JsonValue; executedAt: Date; decisionId: string | null; auditData: JsonValue; ... 4 more ...; decisionRuleId: string | null; }'.
src/lib/autonomous-analytics/audit/audit-export.ts(182,31): error TS2339: Property 'postMetrics' does not exist on type '{ id: string; brandId: string; status: string; ruleId: string; action: string; metadata: JsonValue; executedAt: Date; decisionId: string | null; auditData: JsonValue; ... 4 more ...; decisionRuleId: string | null; }'.
src/lib/autonomous-analytics/audit/audit-export.ts(187,15): error TS2551: Property 'actionId' does not exist on type '{ id: string; brandId: string; status: string; ruleId: string; action: string; metadata: JsonValue; executedAt: Date; decisionId: string | null; auditData: JsonValue; ... 4 more ...; decisionRuleId: string | null; }'. Did you mean 'action'?
src/lib/autonomous-analytics/budget/budget-engine.ts(217,13): error TS2322: Type '"EXECUTION_COMPLETED"' is not assignable to type 'AuditAction | EnumAuditActionFilter<"AuditLog"> | undefined'.
src/lib/autonomous-analytics/budget/budget-engine.ts(278,13): error TS2322: Type '"EXECUTION_COMPLETED"' is not assignable to type 'AuditAction | EnumAuditActionFilter<"AuditLog"> | undefined'.
src/lib/autonomous-analytics/budget/budget-engine.ts(312,13): error TS2322: Type '"BUDGET_CONSUMPTION"' is not assignable to type 'AuditAction'.
src/lib/autonomous-analytics/canonical-transformer.ts(256,13): error TS2322: Type 'string' is not assignable to type 'CanonicalField'.
src/lib/autonomous-analytics/decision-engine.ts(126,13): error TS2322: Type '"LOW"' is not assignable to type 'RiskLevel'.
src/lib/autonomous-analytics/decision-engine.ts(143,13): error TS2322: Type '"LOW"' is not assignable to type 'RiskLevel'.
src/lib/autonomous-analytics/decision-engine.ts(201,13): error TS2322: Type '{ confidenceScore: number; estimatedImpact: EstimatedImpact; riskLevel: RiskLevel; }' is not assignable to type 'NullableJsonNullValueInput | InputJsonValue | undefined'.
  Types of property 'estimatedImpact' are incompatible.
    Type 'EstimatedImpact' is not assignable to type 'InputJsonValue | null | undefined'.
      Type 'EstimatedImpact' is not assignable to type 'InputJsonObject'.
        Index signature for type 'string' is missing in type 'EstimatedImpact'.
src/lib/autonomous-analytics/decision-engine.ts(239,33): error TS2339: Property 'autonomyPolicy' does not exist on type 'PrismaClient<PrismaClientOptions, never, DefaultArgs>'.
src/lib/autonomous-analytics/decision-engine.ts(279,13): error TS2353: Object literal may only specify known properties, and 'enabled' does not exist in type 'DecisionRuleWhereInput'.
src/lib/autonomous-analytics/decision-engine.ts(282,15): error TS2353: Object literal may only specify known properties, and 'priority' does not exist in type 'DecisionRuleOrderByWithRelationInput'.
src/lib/autonomous-analytics/decision-engine.ts(287,5): error TS2322: Type '{ ruleId: string; name: string | null; domain: any; version: any; priority: any; confidenceThreshold: any; metricsUsed: string[]; timeWindow: any; conditions: any[]; exclusions: string[]; action: any; explanationTemplate: string | null; rollbackAction: any; auditLevel: any; ownerApprovalRequired: any; }[]' is not assignable to type 'RuleDefinition[]'.
  Type '{ ruleId: string; name: string | null; domain: any; version: any; priority: any; confidenceThreshold: any; metricsUsed: string[]; timeWindow: any; conditions: any[]; exclusions: string[]; ... 4 more ...; ownerApprovalRequired: any; }' is not assignable to type 'RuleDefinition'.
    Types of property 'name' are incompatible.
      Type 'string | null' is not assignable to type 'string'.
        Type 'null' is not assignable to type 'string'.
src/lib/autonomous-analytics/decision-engine.ts(290,22): error TS2339: Property 'domain' does not exist on type '{ id: string; brandId: string; name: string | null; isActive: boolean; createdAt: Date; updatedAt: Date; description: string | null; category: string | null; status: string; ruleId: string; ... 5 more ...; lastModifiedBy: string | null; }'.
src/lib/autonomous-analytics/decision-engine.ts(291,23): error TS2339: Property 'version' does not exist on type '{ id: string; brandId: string; name: string | null; isActive: boolean; createdAt: Date; updatedAt: Date; description: string | null; category: string | null; status: string; ruleId: string; ... 5 more ...; lastModifiedBy: string | null; }'.
src/lib/autonomous-analytics/decision-engine.ts(292,24): error TS2339: Property 'priority' does not exist on type '{ id: string; brandId: string; name: string | null; isActive: boolean; createdAt: Date; updatedAt: Date; description: string | null; category: string | null; status: string; ruleId: string; ... 5 more ...; lastModifiedBy: string | null; }'.
src/lib/autonomous-analytics/decision-engine.ts(293,35): error TS2339: Property 'confidenceThreshold' does not exist on type '{ id: string; brandId: string; name: string | null; isActive: boolean; createdAt: Date; updatedAt: Date; description: string | null; category: string | null; status: string; ruleId: string; ... 5 more ...; lastModifiedBy: string | null; }'.
src/lib/autonomous-analytics/decision-engine.ts(294,27): error TS2339: Property 'metricsUsed' does not exist on type '{ id: string; brandId: string; name: string | null; isActive: boolean; createdAt: Date; updatedAt: Date; description: string | null; category: string | null; status: string; ruleId: string; ... 5 more ...; lastModifiedBy: string | null; }'.
src/lib/autonomous-analytics/decision-engine.ts(295,26): error TS2339: Property 'timeWindow' does not exist on type '{ id: string; brandId: string; name: string | null; isActive: boolean; createdAt: Date; updatedAt: Date; description: string | null; category: string | null; status: string; ruleId: string; ... 5 more ...; lastModifiedBy: string | null; }'.
src/lib/autonomous-analytics/decision-engine.ts(296,26): error TS2551: Property 'conditions' does not exist on type '{ id: string; brandId: string; name: string | null; isActive: boolean; createdAt: Date; updatedAt: Date; description: string | null; category: string | null; status: string; ruleId: string; ... 5 more ...; lastModifiedBy: string | null; }'. Did you mean 'condition'?
src/lib/autonomous-analytics/decision-engine.ts(297,26): error TS2339: Property 'exclusions' does not exist on type '{ id: string; brandId: string; name: string | null; isActive: boolean; createdAt: Date; updatedAt: Date; description: string | null; category: string | null; status: string; ruleId: string; ... 5 more ...; lastModifiedBy: string | null; }'.
src/lib/autonomous-analytics/decision-engine.ts(300,30): error TS2339: Property 'rollbackAction' does not exist on type '{ id: string; brandId: string; name: string | null; isActive: boolean; createdAt: Date; updatedAt: Date; description: string | null; category: string | null; status: string; ruleId: string; ... 5 more ...; lastModifiedBy: string | null; }'.
src/lib/autonomous-analytics/decision-engine.ts(301,26): error TS2339: Property 'auditLevel' does not exist on type '{ id: string; brandId: string; name: string | null; isActive: boolean; createdAt: Date; updatedAt: Date; description: string | null; category: string | null; status: string; ruleId: string; ... 5 more ...; lastModifiedBy: string | null; }'.
src/lib/autonomous-analytics/decision-engine.ts(302,37): error TS2339: Property 'ownerApprovalRequired' does not exist on type '{ id: string; brandId: string; name: string | null; isActive: boolean; createdAt: Date; updatedAt: Date; description: string | null; category: string | null; status: string; ruleId: string; ... 5 more ...; lastModifiedBy: string | null; }'.
src/lib/autonomous-analytics/decision-engine.ts(312,20): error TS2353: Object literal may only specify known properties, and 'date' does not exist in type 'AggDailySalesOrderByWithRelationInput | AggDailySalesOrderByWithRelationInput[]'.
src/lib/autonomous-analytics/decision-engine.ts(317,20): error TS2353: Object literal may only specify known properties, and 'date' does not exist in type 'AggDailyAdsOrderByWithRelationInput | AggDailyAdsOrderByWithRelationInput[]'.
src/lib/autonomous-analytics/decision-engine.ts(323,45): error TS2339: Property 'totalRevenue' does not exist on type '{ id: string; brandId: string; createdAt: Date; updatedAt: Date; orderCount: number; avgOrderValue: Decimal; snapshotDate: Date; grossRevenue: Decimal; ... 6 more ...; ordersByChannel: JsonValue; }'.
src/lib/autonomous-analytics/decision-engine.ts(324,44): error TS2339: Property 'totalOrders' does not exist on type '{ id: string; brandId: string; createdAt: Date; updatedAt: Date; orderCount: number; avgOrderValue: Decimal; snapshotDate: Date; grossRevenue: Decimal; ... 6 more ...; ordersByChannel: JsonValue; }'.
src/lib/autonomous-analytics/decision-engine.ts(325,53): error TS2339: Property 'totalRevenue' does not exist on type '{ id: string; brandId: string; createdAt: Date; updatedAt: Date; orderCount: number; avgOrderValue: Decimal; snapshotDate: Date; grossRevenue: Decimal; ... 6 more ...; ordersByChannel: JsonValue; }'.
src/lib/autonomous-analytics/decision-engine.ts(329,44): error TS2339: Property 'totalSpend' does not exist on type '{ id: string; brandId: string; createdAt: Date; updatedAt: Date; campaigns: JsonValue; platform: string; revenue: Decimal; snapshotDate: Date; impressions: bigint; ... 6 more ...; roas: Decimal; }'.
src/lib/autonomous-analytics/decision-engine.ts(330,40): error TS2339: Property 'avgRoas' does not exist on type '{ id: string; brandId: string; createdAt: Date; updatedAt: Date; campaigns: JsonValue; platform: string; revenue: Decimal; snapshotDate: Date; impressions: bigint; ... 6 more ...; roas: Decimal; }'.
src/lib/autonomous-analytics/decision-engine.ts(331,42): error TS2339: Property 'totalClicks' does not exist on type '{ id: string; brandId: string; createdAt: Date; updatedAt: Date; campaigns: JsonValue; platform: string; revenue: Decimal; snapshotDate: Date; impressions: bigint; ... 6 more ...; roas: Decimal; }'.
src/lib/autonomous-analytics/decision-engine.ts(332,47): error TS2551: Property 'totalImpressions' does not exist on type '{ id: string; brandId: string; createdAt: Date; updatedAt: Date; campaigns: JsonValue; platform: string; revenue: Decimal; snapshotDate: Date; impressions: bigint; ... 6 more ...; roas: Decimal; }'. Did you mean 'impressions'?
src/lib/autonomous-analytics/explanations/deterministic-explainer.ts(4,30): error TS7016: Could not find a declaration file for module 'uuid'. 'D:/PROJECT IOT/Automation Smart Lighting System/smart-billiard-main/achiera-web/node_modules/uuid/dist/esm-browser/index.js' implicitly has an 'any' type.
  Try `npm i --save-dev @types/uuid` if it exists or add a new declaration (.d.ts) file containing `declare module 'uuid';`
src/lib/autonomous-analytics/explanations/deterministic-explainer.ts(58,36): error TS2339: Property 'decisionId' does not exist on type 'RuleEvaluationResult'.
src/lib/autonomous-analytics/explanations/deterministic-explainer.ts(94,39): error TS2339: Property 'conditions' does not exist on type 'RuleEvaluationResult'.
src/lib/autonomous-analytics/explanations/deterministic-explainer.ts(157,49): error TS2339: Property 'dataCompleteness' does not exist on type 'RuleEvaluationResult'.
src/lib/autonomous-analytics/explanations/deterministic-explainer.ts(166,36): error TS2339: Property 'calculationMethod' does not exist on type 'EstimatedImpact'.
src/lib/autonomous-analytics/explanations/deterministic-explainer.ts(208,24): error TS2339: Property 'dataCompleteness' does not exist on type 'RuleEvaluationResult'.
src/lib/autonomous-analytics/explanations/deterministic-explainer.ts(208,59): error TS2339: Property 'dataCompleteness' does not exist on type 'RuleEvaluationResult'.
src/lib/autonomous-analytics/explanations/deterministic-explainer.ts(209,63): error TS2339: Property 'dataCompleteness' does not exist on type 'RuleEvaluationResult'.
src/lib/autonomous-analytics/explanations/deterministic-explainer.ts(213,55): error TS2339: Property 'rollbackAvailable' does not exist on type '{ actionId: string; autonomyLevel: AutonomyLevel; maxExecutionsPerDay: number; }'.
src/lib/autonomous-analytics/explanations/deterministic-explainer.ts(216,46): error TS2339: Property 'rollbackAvailable' does not exist on type '{ actionId: string; autonomyLevel: AutonomyLevel; maxExecutionsPerDay: number; }'.
src/lib/autonomous-analytics/explanations/deterministic-explainer.ts(262,27): error TS2339: Property 'rollbackAvailable' does not exist on type '{ actionId: string; autonomyLevel: AutonomyLevel; maxExecutionsPerDay: number; }'.
src/lib/autonomous-analytics/explanations/deterministic-explainer.ts(263,37): error TS2339: Property 'autoRollbackHours' does not exist on type '{ actionId: string; autonomyLevel: AutonomyLevel; maxExecutionsPerDay: number; }'.
src/lib/autonomous-analytics/explanations/deterministic-explainer.ts(264,43): error TS2339: Property 'rollbackAvailable' does not exist on type '{ actionId: string; autonomyLevel: AutonomyLevel; maxExecutionsPerDay: number; }'.
src/lib/autonomous-analytics/explanations/deterministic-explainer.ts(265,37): error TS2339: Property 'snapshotId' does not exist on type 'RuleEvaluationResult'.
src/lib/autonomous-analytics/fact-loader.ts(31,43): error TS2362: The left-hand side of an arithmetic operation must be of type 'any', 'number', 'bigint' or an enum type.
src/lib/autonomous-analytics/governance/governance-lock.ts(36,48): error TS2367: This comparison appears to be unintentional because the types '"operator" | "admin" | "manager"' and '"cfo"' have no overlap.
src/lib/autonomous-analytics/governance/governance-lock.ts(37,56): error TS2367: This comparison appears to be unintentional because the types '"operator" | "admin" | "manager"' and '"cfo"' have no overlap.
src/lib/autonomous-analytics/governance/governance-lock.ts(38,29): error TS2367: This comparison appears to be unintentional because the types '"owner" | "operator" | "admin" | "manager"' and '"cfo"' have no overlap.
src/lib/autonomous-analytics/governance/governance-lock.ts(56,37): error TS2339: Property 'brandMember' does not exist on type 'PrismaClient<PrismaClientOptions, never, DefaultArgs>'.
src/lib/autonomous-analytics/governance/governance-lock.ts(210,13): error TS2353: Object literal may only specify known properties, and 'eventType' does not exist in type 'Without<AuditLogCreateInput, AuditLogUncheckedCreateInput> & AuditLogUncheckedCreateInput'.
src/lib/autonomous-analytics/level3/autonomy-gate.ts(173,35): error TS2339: Property 'settings' does not exist on type '{ id: string; name: string; isActive: boolean; createdAt: Date; updatedAt: Date; slug: string; paymentSettings: JsonValue; }'.
src/lib/autonomous-analytics/level3/autonomy-gate.ts(192,13): error TS2353: Object literal may only specify known properties, and 'brandId' does not exist in type 'ExecutionSnapshotWhereInput'.
src/lib/autonomous-analytics/level3/autonomy-gate.ts(216,13): error TS2353: Object literal may only specify known properties, and 'eventType' does not exist in type 'Without<AuditLogCreateInput, AuditLogUncheckedCreateInput> & AuditLogUncheckedCreateInput'.
src/lib/autonomous-analytics/level3/executive-override.ts(23,17): error TS2561: Object literal may only specify known properties, but 'settings' does not exist in type '(Without<BrandUpdateInput, BrandUncheckedUpdateInput> & BrandUncheckedUpdateInput) | (Without<...> & BrandUpdateInput)'. Did you mean to write 'itSettings'?
src/lib/autonomous-analytics/level3/executive-override.ts(24,86): error TS2339: Property 'settings' does not exist on type '{ id: string; name: string; isActive: boolean; createdAt: Date; updatedAt: Date; slug: string; paymentSettings: JsonValue; }'.
src/lib/autonomous-analytics/level3/executive-override.ts(54,21): error TS2322: Type 'string[]' is not assignable to type 'string'.
src/lib/autonomous-analytics/level3/executive-override.ts(60,17): error TS2353: Object literal may only specify known properties, and 'cancelledAt' does not exist in type '(Without<ExecutionLogUpdateManyMutationInput, ExecutionLogUncheckedUpdateManyInput> & ExecutionLogUncheckedUpdateManyInput) | (Without<...> & ExecutionLogUpdateManyMutationInput)'.
src/lib/autonomous-analytics/level3/executive-override.ts(69,17): error TS2353: Object literal may only specify known properties, and 'eventType' does not exist in type 'Without<AuditLogCreateInput, AuditLogUncheckedCreateInput> & AuditLogUncheckedCreateInput'.
src/lib/autonomous-analytics/level3/executive-override.ts(122,13): error TS2322: Type '{ ruleId: string; }' is not assignable to type 'DecisionRuleWhereUniqueInput'.
  Type '{ ruleId: string; }' is not assignable to type '{ id: string | DecisionRuleBrandIdRuleIdCompoundUniqueInput; brandId_ruleId: string | DecisionRuleBrandIdRuleIdCompoundUniqueInput; } & { ...; }'.
    Type '{ ruleId: string; }' is missing the following properties from type '{ id: string | DecisionRuleBrandIdRuleIdCompoundUniqueInput; brandId_ruleId: string | DecisionRuleBrandIdRuleIdCompoundUniqueInput; }': id, brandId_ruleId
src/lib/autonomous-analytics/level3/executive-override.ts(139,17): error TS2353: Object literal may only specify known properties, and 'cancelledAt' does not exist in type '(Without<ExecutionLogUpdateManyMutationInput, ExecutionLogUncheckedUpdateManyInput> & ExecutionLogUncheckedUpdateManyInput) | (Without<...> & ExecutionLogUpdateManyMutationInput)'.
src/lib/autonomous-analytics/level3/executive-override.ts(148,17): error TS2353: Object literal may only specify known properties, and 'eventType' does not exist in type 'Without<AuditLogCreateInput, AuditLogUncheckedCreateInput> & AuditLogUncheckedCreateInput'.
src/lib/autonomous-analytics/level3/executive-override.ts(200,17): error TS2322: Type 'string[]' is not assignable to type 'string'.
src/lib/autonomous-analytics/level3/executive-override.ts(213,17): error TS2322: Type 'string[]' is not assignable to type 'string'.
src/lib/autonomous-analytics/level3/executive-override.ts(245,17): error TS2561: Object literal may only specify known properties, but 'settings' does not exist in type '(Without<BrandUpdateInput, BrandUncheckedUpdateInput> & BrandUncheckedUpdateInput) | (Without<...> & BrandUpdateInput)'. Did you mean to write 'itSettings'?
src/lib/autonomous-analytics/level3/executive-override.ts(246,86): error TS2339: Property 'settings' does not exist on type '{ id: string; name: string; isActive: boolean; createdAt: Date; updatedAt: Date; slug: string; paymentSettings: JsonValue; }'.
src/lib/autonomous-analytics/level3/executive-override.ts(281,17): error TS2353: Object literal may only specify known properties, and 'cancelledAt' does not exist in type '(Without<ExecutionLogUpdateManyMutationInput, ExecutionLogUncheckedUpdateManyInput> & ExecutionLogUncheckedUpdateManyInput) | (Without<...> & ExecutionLogUpdateManyMutationInput)'.
src/lib/autonomous-analytics/level3/executive-override.ts(290,17): error TS2353: Object literal may only specify known properties, and 'eventType' does not exist in type 'Without<AuditLogCreateInput, AuditLogUncheckedCreateInput> & AuditLogUncheckedCreateInput'.
src/lib/autonomous-analytics/level3/guarded-executor.ts(4,30): error TS7016: Could not find a declaration file for module 'uuid'. 'D:/PROJECT IOT/Automation Smart Lighting System/smart-billiard-main/achiera-web/node_modules/uuid/dist/esm-browser/index.js' implicitly has an 'any' type.
  Try `npm i --save-dev @types/uuid` if it exists or add a new declaration (.d.ts) file containing `declare module 'uuid';`
src/lib/autonomous-analytics/level3/guarded-executor.ts(60,57): error TS2339: Property 'autoRollbackHours' does not exist on type '{ actionId: string; autonomyLevel: AutonomyLevel; maxExecutionsPerDay: number; }'.
src/lib/autonomous-analytics/level3/guarded-executor.ts(77,76): error TS18046: 'error' is of type 'unknown'.
src/lib/autonomous-analytics/level3/guarded-executor.ts(108,13): error TS2353: Object literal may only specify known properties, and 'brandId' does not exist in type '(Without<ExecutionSnapshotCreateInput, ExecutionSnapshotUncheckedCreateInput> & ExecutionSnapshotUncheckedCreateInput) | (Without<...> & ExecutionSnapshotCreateInput)'.
src/lib/autonomous-analytics/level3/guarded-executor.ts(128,27): error TS2339: Property 'snapshotData' does not exist on type '{ id: string; createdAt: Date; executionLogId: string; preState: JsonValue; postState: JsonValue; }'.
src/lib/autonomous-analytics/level3/guarded-executor.ts(174,13): error TS2322: Type '{ riskLevel: RiskLevel; confidenceScore: number; estimatedImpact: EstimatedImpact; }' is not assignable to type 'NullableJsonNullValueInput | InputJsonValue | undefined'.
  Types of property 'estimatedImpact' are incompatible.
    Type 'EstimatedImpact' is not assignable to type 'InputJsonValue | null | undefined'.
      Type 'EstimatedImpact' is not assignable to type 'InputJsonObject'.
        Index signature for type 'string' is missing in type 'EstimatedImpact'.
src/lib/autonomous-analytics/level3/guarded-executor.ts(194,18): error TS2339: Property 'autoRollbackSchedule' does not exist on type 'PrismaClient<PrismaClientOptions, never, DefaultArgs>'.
src/lib/autonomous-analytics/level3/guarded-executor.ts(239,39): error TS2339: Property 'snapshotData' does not exist on type '{ id: string; createdAt: Date; executionLogId: string; preState: JsonValue; postState: JsonValue; }'.
src/lib/autonomous-analytics/level3/guarded-executor.ts(242,57): error TS2551: Property 'actionId' does not exist on type '{ snapshot: { id: string; createdAt: Date; executionLogId: string; preState: JsonValue; postState: JsonValue; } | null; } & { id: string; brandId: string; status: string; ... 10 more ...; decisionRuleId: string | null; }'. Did you mean 'action'?
src/lib/autonomous-analytics/level3/guarded-executor.ts(251,17): error TS2561: Object literal may only specify known properties, but 'rolledBackBy' does not exist in type '(Without<ExecutionLogUpdateInput, ExecutionLogUncheckedUpdateInput> & ExecutionLogUncheckedUpdateInput) | (Without<...> & ExecutionLogUpdateInput)'. Did you mean to write 'rolledBackAt'?
src/lib/autonomous-analytics/level3/guarded-executor.ts(259,17): error TS2353: Object literal may only specify known properties, and 'eventType' does not exist in type 'Without<AuditLogCreateInput, AuditLogUncheckedCreateInput> & AuditLogUncheckedCreateInput'.
src/lib/autonomous-analytics/reports/cfo-reports.ts(229,42): error TS7006: Parameter 'e' implicitly has an 'any' type.
src/lib/autonomous-analytics/reports/cfo-reports.ts(239,47): error TS7006: Parameter 'sum' implicitly has an 'any' type.
src/lib/autonomous-analytics/reports/cfo-reports.ts(239,52): error TS7006: Parameter 'e' implicitly has an 'any' type.
src/lib/autonomous-analytics/reports/cfo-reports.ts(244,44): error TS7006: Parameter 'sum' implicitly has an 'any' type.
src/lib/autonomous-analytics/reports/cfo-reports.ts(244,49): error TS7006: Parameter 'e' implicitly has an 'any' type.
src/lib/autonomous-analytics/rollback-manager.ts(30,13): error TS2561: Object literal may only specify known properties, but 'executionId' does not exist in type '(Without<ExecutionSnapshotCreateInput, ExecutionSnapshotUncheckedCreateInput> & ExecutionSnapshotUncheckedCreateInput) | (Without<...> & ExecutionSnapshotCreateInput)'. Did you mean to write 'executionLogId'?
src/lib/autonomous-analytics/rollback-manager.ts(53,31): error TS2551: Property 'executionId' does not exist on type '{ id: string; createdAt: Date; executionLogId: string; preState: JsonValue; postState: JsonValue; }'. Did you mean 'executionLogId'?
src/lib/autonomous-analytics/rollback-manager.ts(54,27): error TS2339: Property 'brandId' does not exist on type '{ id: string; createdAt: Date; executionLogId: string; preState: JsonValue; postState: JsonValue; }'.
src/lib/autonomous-analytics/rollback-manager.ts(56,25): error TS2339: Property 'state' does not exist on type '{ id: string; createdAt: Date; executionLogId: string; preState: JsonValue; postState: JsonValue; }'.
src/lib/autonomous-analytics/rollback-manager.ts(57,27): error TS2339: Property 'metrics' does not exist on type '{ id: string; createdAt: Date; executionLogId: string; preState: JsonValue; postState: JsonValue; }'.
src/lib/autonomous-analytics/rollback-manager.ts(191,23): error TS2551: Property 'actionId' does not exist on type '{ snapshot: { id: string; createdAt: Date; executionLogId: string; preState: JsonValue; postState: JsonValue; } | null; } & { id: string; brandId: string; status: string; ... 10 more ...; decisionRuleId: string | null; }'. Did you mean 'action'?
src/lib/autonomous-analytics/rollback-manager.ts(214,23): error TS2551: Property 'actionId' does not exist on type '{ snapshot: { id: string; createdAt: Date; executionLogId: string; preState: JsonValue; postState: JsonValue; } | null; } & { id: string; brandId: string; status: string; ... 10 more ...; decisionRuleId: string | null; }'. Did you mean 'action'?
src/lib/autonomous-analytics/rollback-manager.ts(273,18): error TS2339: Property 'scheduledRollback' does not exist on type 'PrismaClient<PrismaClientOptions, never, DefaultArgs>'.
src/lib/autonomous-analytics/rollback-manager.ts(289,43): error TS2339: Property 'scheduledRollback' does not exist on type 'PrismaClient<PrismaClientOptions, never, DefaultArgs>'.
src/lib/autonomous-analytics/rollback-manager.ts(303,22): error TS2339: Property 'scheduledRollback' does not exist on type 'PrismaClient<PrismaClientOptions, never, DefaultArgs>'.
src/lib/autonomous-analytics/rollback-manager.ts(318,18): error TS2339: Property 'scheduledRollback' does not exist on type 'PrismaClient<PrismaClientOptions, never, DefaultArgs>'.
src/lib/autonomous-analytics/safety-gates.ts(37,13): error TS2561: Object literal may only specify known properties, but 'actionId' does not exist in type 'ExecutionLogWhereInput'. Did you mean to write 'action'?
src/lib/autonomous-analytics/safety-gates.ts(61,21): error TS2322: Type 'string[]' is not assignable to type 'string'.
src/lib/autonomous-analytics/safety-gates.ts(102,13): error TS2561: Object literal may only specify known properties, but 'actionId' does not exist in type 'ExecutionLogWhereInput'. Did you mean to write 'action'?
src/lib/autonomous-analytics/safety-gates.ts(248,17): error TS2322: Type 'string[]' is not assignable to type 'string'.
src/lib/autonomous-analytics/scaling/rule-demotion.ts(59,17): error TS2820: Type '"rule_demoted"' is not assignable to type 'AuditAction'. Did you mean '"RULE_DEMOTED"'?
src/lib/autonomous-analytics/scaling/rule-trust.ts(51,9): error TS2322: Type '{ ruleId: string; }' is not assignable to type 'DecisionRuleWhereUniqueInput'.
  Type '{ ruleId: string; }' is not assignable to type '{ id: string | DecisionRuleBrandIdRuleIdCompoundUniqueInput; brandId_ruleId: string | DecisionRuleBrandIdRuleIdCompoundUniqueInput; } & { ...; }'.
    Type '{ ruleId: string; }' is missing the following properties from type '{ id: string | DecisionRuleBrandIdRuleIdCompoundUniqueInput; brandId_ruleId: string | DecisionRuleBrandIdRuleIdCompoundUniqueInput; }': id, brandId_ruleId
src/lib/autonomous-analytics/scaling/rule-trust.ts(365,9): error TS2322: Type '{ ruleId: string; }' is not assignable to type 'DecisionRuleWhereUniqueInput'.
  Type '{ ruleId: string; }' is not assignable to type '{ id: string | DecisionRuleBrandIdRuleIdCompoundUniqueInput; brandId_ruleId: string | DecisionRuleBrandIdRuleIdCompoundUniqueInput; } & { ...; }'.
    Type '{ ruleId: string; }' is missing the following properties from type '{ id: string | DecisionRuleBrandIdRuleIdCompoundUniqueInput; brandId_ruleId: string | DecisionRuleBrandIdRuleIdCompoundUniqueInput; }': id, brandId_ruleId
src/lib/autonomous-analytics/simulation-engine.ts(149,33): error TS2339: Property 'autonomyPolicy' does not exist on type 'PrismaClient<PrismaClientOptions, never, DefaultArgs>'.
src/lib/autonomous-analytics/simulation-engine.ts(183,13): error TS2353: Object literal may only specify known properties, and 'enabled' does not exist in type 'DecisionRuleWhereInput'.
src/lib/autonomous-analytics/simulation-engine.ts(186,15): error TS2353: Object literal may only specify known properties, and 'priority' does not exist in type 'DecisionRuleOrderByWithRelationInput'.
src/lib/autonomous-analytics/simulation-engine.ts(191,5): error TS2322: Type '{ ruleId: string; name: string | null; domain: any; version: any; priority: any; confidenceThreshold: any; metricsUsed: string[]; timeWindow: any; conditions: any[]; exclusions: string[]; action: any; explanationTemplate: string | null; rollbackAction: any; auditLevel: any; ownerApprovalRequired: any; }[]' is not assignable to type 'RuleDefinition[]'.
  Type '{ ruleId: string; name: string | null; domain: any; version: any; priority: any; confidenceThreshold: any; metricsUsed: string[]; timeWindow: any; conditions: any[]; exclusions: string[]; ... 4 more ...; ownerApprovalRequired: any; }' is not assignable to type 'RuleDefinition'.
    Types of property 'name' are incompatible.
      Type 'string | null' is not assignable to type 'string'.
        Type 'null' is not assignable to type 'string'.
src/lib/autonomous-analytics/simulation-engine.ts(194,22): error TS2339: Property 'domain' does not exist on type '{ id: string; brandId: string; name: string | null; isActive: boolean; createdAt: Date; updatedAt: Date; description: string | null; category: string | null; status: string; ruleId: string; ... 5 more ...; lastModifiedBy: string | null; }'.
src/lib/autonomous-analytics/simulation-engine.ts(195,23): error TS2339: Property 'version' does not exist on type '{ id: string; brandId: string; name: string | null; isActive: boolean; createdAt: Date; updatedAt: Date; description: string | null; category: string | null; status: string; ruleId: string; ... 5 more ...; lastModifiedBy: string | null; }'.
src/lib/autonomous-analytics/simulation-engine.ts(196,24): error TS2339: Property 'priority' does not exist on type '{ id: string; brandId: string; name: string | null; isActive: boolean; createdAt: Date; updatedAt: Date; description: string | null; category: string | null; status: string; ruleId: string; ... 5 more ...; lastModifiedBy: string | null; }'.
src/lib/autonomous-analytics/simulation-engine.ts(197,35): error TS2339: Property 'confidenceThreshold' does not exist on type '{ id: string; brandId: string; name: string | null; isActive: boolean; createdAt: Date; updatedAt: Date; description: string | null; category: string | null; status: string; ruleId: string; ... 5 more ...; lastModifiedBy: string | null; }'.
src/lib/autonomous-analytics/simulation-engine.ts(198,27): error TS2339: Property 'metricsUsed' does not exist on type '{ id: string; brandId: string; name: string | null; isActive: boolean; createdAt: Date; updatedAt: Date; description: string | null; category: string | null; status: string; ruleId: string; ... 5 more ...; lastModifiedBy: string | null; }'.
src/lib/autonomous-analytics/simulation-engine.ts(199,26): error TS2339: Property 'timeWindow' does not exist on type '{ id: string; brandId: string; name: string | null; isActive: boolean; createdAt: Date; updatedAt: Date; description: string | null; category: string | null; status: string; ruleId: string; ... 5 more ...; lastModifiedBy: string | null; }'.
src/lib/autonomous-analytics/simulation-engine.ts(200,26): error TS2551: Property 'conditions' does not exist on type '{ id: string; brandId: string; name: string | null; isActive: boolean; createdAt: Date; updatedAt: Date; description: string | null; category: string | null; status: string; ruleId: string; ... 5 more ...; lastModifiedBy: string | null; }'. Did you mean 'condition'?
src/lib/autonomous-analytics/simulation-engine.ts(201,26): error TS2339: Property 'exclusions' does not exist on type '{ id: string; brandId: string; name: string | null; isActive: boolean; createdAt: Date; updatedAt: Date; description: string | null; category: string | null; status: string; ruleId: string; ... 5 more ...; lastModifiedBy: string | null; }'.
src/lib/autonomous-analytics/simulation-engine.ts(204,30): error TS2339: Property 'rollbackAction' does not exist on type '{ id: string; brandId: string; name: string | null; isActive: boolean; createdAt: Date; updatedAt: Date; description: string | null; category: string | null; status: string; ruleId: string; ... 5 more ...; lastModifiedBy: string | null; }'.
src/lib/autonomous-analytics/simulation-engine.ts(205,26): error TS2339: Property 'auditLevel' does not exist on type '{ id: string; brandId: string; name: string | null; isActive: boolean; createdAt: Date; updatedAt: Date; description: string | null; category: string | null; status: string; ruleId: string; ... 5 more ...; lastModifiedBy: string | null; }'.
src/lib/autonomous-analytics/simulation-engine.ts(206,37): error TS2339: Property 'ownerApprovalRequired' does not exist on type '{ id: string; brandId: string; name: string | null; isActive: boolean; createdAt: Date; updatedAt: Date; description: string | null; category: string | null; status: string; ruleId: string; ... 5 more ...; lastModifiedBy: string | null; }'.
src/lib/autonomous-analytics/simulation-engine.ts(217,20): error TS2353: Object literal may only specify known properties, and 'date' does not exist in type 'AggDailySalesOrderByWithRelationInput | AggDailySalesOrderByWithRelationInput[]'.
src/lib/autonomous-analytics/simulation-engine.ts(223,20): error TS2353: Object literal may only specify known properties, and 'date' does not exist in type 'AggDailyAdsOrderByWithRelationInput | AggDailyAdsOrderByWithRelationInput[]'.
src/lib/autonomous-analytics/simulation-engine.ts(230,45): error TS2339: Property 'totalRevenue' does not exist on type '{ id: string; brandId: string; createdAt: Date; updatedAt: Date; orderCount: number; avgOrderValue: Decimal; snapshotDate: Date; grossRevenue: Decimal; ... 6 more ...; ordersByChannel: JsonValue; }'.
src/lib/autonomous-analytics/simulation-engine.ts(231,44): error TS2339: Property 'totalOrders' does not exist on type '{ id: string; brandId: string; createdAt: Date; updatedAt: Date; orderCount: number; avgOrderValue: Decimal; snapshotDate: Date; grossRevenue: Decimal; ... 6 more ...; ordersByChannel: JsonValue; }'.
src/lib/autonomous-analytics/simulation-engine.ts(232,53): error TS2339: Property 'totalRevenue' does not exist on type '{ id: string; brandId: string; createdAt: Date; updatedAt: Date; orderCount: number; avgOrderValue: Decimal; snapshotDate: Date; grossRevenue: Decimal; ... 6 more ...; ordersByChannel: JsonValue; }'.
src/lib/autonomous-analytics/simulation-engine.ts(236,44): error TS2339: Property 'totalSpend' does not exist on type '{ id: string; brandId: string; createdAt: Date; updatedAt: Date; campaigns: JsonValue; platform: string; revenue: Decimal; snapshotDate: Date; impressions: bigint; ... 6 more ...; roas: Decimal; }'.
src/lib/autonomous-analytics/simulation-engine.ts(237,40): error TS2339: Property 'avgRoas' does not exist on type '{ id: string; brandId: string; createdAt: Date; updatedAt: Date; campaigns: JsonValue; platform: string; revenue: Decimal; snapshotDate: Date; impressions: bigint; ... 6 more ...; roas: Decimal; }'.
src/lib/autonomous-analytics/simulation-engine.ts(238,42): error TS2339: Property 'totalClicks' does not exist on type '{ id: string; brandId: string; createdAt: Date; updatedAt: Date; campaigns: JsonValue; platform: string; revenue: Decimal; snapshotDate: Date; impressions: bigint; ... 6 more ...; roas: Decimal; }'.
src/lib/autonomous-analytics/simulation-engine.ts(239,47): error TS2551: Property 'totalImpressions' does not exist on type '{ id: string; brandId: string; createdAt: Date; updatedAt: Date; campaigns: JsonValue; platform: string; revenue: Decimal; snapshotDate: Date; impressions: bigint; ... 6 more ...; roas: Decimal; }'. Did you mean 'impressions'?
src/lib/autonomous-analytics/trust/hardening.ts(149,49): error TS2339: Property 'domain' does not exist on type '{ executions: { id: string; brandId: string; status: string; ruleId: string; action: string; metadata: JsonValue; executedAt: Date; decisionId: string | null; auditData: JsonValue; ... 4 more ...; decisionRuleId: string | null; }[]; } & { ...; }'.
src/lib/autonomous-analytics/trust/hardening.ts(164,13): error TS2322: Type '(string | null)[]' is not assignable to type 'string[]'.
  Type 'string | null' is not assignable to type 'string'.
    Type 'null' is not assignable to type 'string'.
src/lib/autonomous-analytics/trust/rule-performance.ts(50,9): error TS2322: Type '{ ruleId: string; }' is not assignable to type 'DecisionRuleWhereUniqueInput'.
  Type '{ ruleId: string; }' is not assignable to type '{ id: string | DecisionRuleBrandIdRuleIdCompoundUniqueInput; brandId_ruleId: string | DecisionRuleBrandIdRuleIdCompoundUniqueInput; } & { ...; }'.
    Type '{ ruleId: string; }' is missing the following properties from type '{ id: string | DecisionRuleBrandIdRuleIdCompoundUniqueInput; brandId_ruleId: string | DecisionRuleBrandIdRuleIdCompoundUniqueInput; }': id, brandId_ruleId
src/lib/autonomous-analytics/trust/rule-performance.ts(70,51): error TS2339: Property 'status' does not exist on type '{ id: string; brandId: string; createdAt: Date; ruleId: string; decisionId: string; decisionRuleId: string | null; actionId: string; autonomyLevel: number; expiresAt: Date | null; ... 13 more ...; estimatedImpact: JsonValue; }'.
src/lib/autonomous-analytics/trust/rule-performance.ts(71,51): error TS2339: Property 'status' does not exist on type '{ id: string; brandId: string; createdAt: Date; ruleId: string; decisionId: string; decisionRuleId: string | null; actionId: string; autonomyLevel: number; expiresAt: Date | null; ... 13 more ...; estimatedImpact: JsonValue; }'.
src/lib/autonomous-analytics/trust/rule-performance.ts(98,31): error TS2339: Property 'postMetrics' does not exist on type '{ id: string; brandId: string; status: string; ruleId: string; action: string; metadata: JsonValue; executedAt: Date; decisionId: string | null; auditData: JsonValue; ... 4 more ...; decisionRuleId: string | null; }'.
src/lib/autonomous-analytics/trust/rule-performance.ts(130,9): error TS2322: Type 'string | null' is not assignable to type 'string'.
  Type 'null' is not assignable to type 'string'.
src/lib/autonomous-analytics/trust/trust-metrics.ts(93,39): error TS2339: Property 'status' does not exist on type '{ id: string; brandId: string; createdAt: Date; ruleId: string; decisionId: string; decisionRuleId: string | null; actionId: string; autonomyLevel: number; expiresAt: Date | null; ... 13 more ...; estimatedImpact: JsonValue; }'.
src/lib/core/errors.ts(70,22): error TS2339: Property 'systemAlert' does not exist on type 'PrismaClient<PrismaClientOptions, never, DefaultArgs>'.
src/lib/governance/audit-compliance.ts(69,43): error TS2551: Property 'complianceReport' does not exist on type 'PrismaClient<PrismaClientOptions, never, DefaultArgs>'. Did you mean 'complianceRule'?
src/lib/governance/audit-compliance.ts(86,17): error TS2322: Type '"COMPLIANCE_REPORT_GENERATED"' is not assignable to type 'AuditAction'.
src/lib/governance/audit-compliance.ts(182,17): error TS2322: Type '"SENSITIVE_DATA_ACCESS"' is not assignable to type 'AuditAction | EnumAuditActionFilter<"AuditLog"> | undefined'.
src/lib/governance/audit-compliance.ts(209,21): error TS2353: Object literal may only specify known properties, and 'startsWith' does not exist in type 'EnumAuditActionFilter<"AuditLog">'.
src/lib/governance/audit-compliance.ts(229,53): error TS2367: This comparison appears to be unintentional because the types 'AuditAction' and '"SECURITY_LOGIN_SUCCESS"' have no overlap.
src/lib/governance/audit-compliance.ts(230,53): error TS2367: This comparison appears to be unintentional because the types 'AuditAction' and '"SECURITY_LOGIN_FAILURE"' have no overlap.
src/lib/governance/audit-compliance.ts(248,17): error TS2353: Object literal may only specify known properties, and 'items' does not exist in type 'OrderInclude<DefaultArgs>'.
src/lib/governance/audit-compliance.ts(263,32): error TS2339: Property 'orderNumber' does not exist on type '{ id: string; brandId: string | null; createdAt: Date; updatedAt: Date; status: string; total: Decimal; invoiceNo: string; manualRef: string | null; quantity: number; ... 23 more ...; flashSaleConfigId: string | null; }'.
src/lib/governance/audit-compliance.ts(267,26): error TS2339: Property 'items' does not exist on type '{ id: string; brandId: string | null; createdAt: Date; updatedAt: Date; status: string; total: Decimal; invoiceNo: string; manualRef: string | null; quantity: number; ... 23 more ...; flashSaleConfigId: string | null; }'.
src/lib/governance/audit-compliance.ts(268,29): error TS2339: Property 'payments' does not exist on type '{ id: string; brandId: string | null; createdAt: Date; updatedAt: Date; status: string; total: Decimal; invoiceNo: string; manualRef: string | null; quantity: number; ... 23 more ...; flashSaleConfigId: string | null; }'.
src/lib/governance/audit-compliance.ts(268,42): error TS7006: Parameter 'p' implicitly has an 'any' type.
src/lib/governance/audit-compliance.ts(311,25): error TS2820: Type '"ROLE_CHANGE"' is not assignable to type 'AuditAction'. Did you mean '"ROLE_CHANGED"'?
src/lib/governance/audit-compliance.ts(312,25): error TS2322: Type '"BRAND_FREEZE"' is not assignable to type 'AuditAction'.
src/lib/governance/audit-compliance.ts(313,25): error TS2322: Type '"KILL_SWITCH_ACTIVATED"' is not assignable to type 'AuditAction'.
src/lib/governance/audit-compliance.ts(314,25): error TS2322: Type '"SYSTEM_CONFIG_CHANGE"' is not assignable to type 'AuditAction'.
src/lib/governance/brand-freeze.ts(42,37): error TS2339: Property 'brandFreeze' does not exist on type 'PrismaClient<PrismaClientOptions, never, DefaultArgs>'.
src/lib/governance/brand-freeze.ts(78,17): error TS2322: Type '"BRAND_FREEZE"' is not assignable to type 'AuditAction'.
src/lib/governance/brand-freeze.ts(99,37): error TS2339: Property 'brandFreeze' does not exist on type 'PrismaClient<PrismaClientOptions, never, DefaultArgs>'.
src/lib/governance/brand-freeze.ts(108,22): error TS2339: Property 'brandFreeze' does not exist on type 'PrismaClient<PrismaClientOptions, never, DefaultArgs>'.
src/lib/governance/brand-freeze.ts(136,17): error TS2322: Type '"BRAND_UNFREEZE"' is not assignable to type 'AuditAction'.
src/lib/governance/brand-freeze.ts(155,37): error TS2339: Property 'brandFreeze' does not exist on type 'PrismaClient<PrismaClientOptions, never, DefaultArgs>'.
src/lib/governance/brand-freeze.ts(212,17): error TS2353: Object literal may only specify known properties, and 'features' does not exist in type 'Without<BrandConfigCreateInput, BrandConfigUncheckedCreateInput> & BrandConfigUncheckedCreateInput'.
src/lib/governance/brand-freeze.ts(218,17): error TS2353: Object literal may only specify known properties, and 'features' does not exist in type '(Without<BrandConfigUpdateInput, BrandConfigUncheckedUpdateInput> & BrandConfigUncheckedUpdateInput) | (Without<...> & BrandConfigUpdateInput)'.
src/lib/governance/brand-freeze.ts(244,17): error TS2353: Object literal may only specify known properties, and 'features' does not exist in type 'Without<BrandConfigCreateInput, BrandConfigUncheckedCreateInput> & BrandConfigUncheckedCreateInput'.
src/lib/governance/brand-freeze.ts(251,17): error TS2353: Object literal may only specify known properties, and 'features' does not exist in type '(Without<BrandConfigUpdateInput, BrandConfigUncheckedUpdateInput> & BrandConfigUncheckedUpdateInput) | (Without<...> & BrandConfigUpdateInput)'.
src/lib/governance/brand-freeze.ts(264,23): error TS2339: Property 'brandFreeze' does not exist on type 'PrismaClient<PrismaClientOptions, never, DefaultArgs>'.
src/lib/governance/brand-freeze.ts(274,23): error TS2339: Property 'brandFreeze' does not exist on type 'PrismaClient<PrismaClientOptions, never, DefaultArgs>'.
src/lib/governance/kill-switch.ts(45,17): error TS2353: Object literal may only specify known properties, and 'featureName' does not exist in type '(Without<KillSwitchCreateInput, KillSwitchUncheckedCreateInput> & KillSwitchUncheckedCreateInput) | (Without<...> & KillSwitchCreateInput)'.
src/lib/governance/kill-switch.ts(63,17): error TS2322: Type '"KILL_SWITCH_ACTIVATED"' is not assignable to type 'AuditAction'.
src/lib/governance/kill-switch.ts(100,17): error TS2353: Object literal may only specify known properties, and 'deactivationReason' does not exist in type '(Without<KillSwitchUpdateInput, KillSwitchUncheckedUpdateInput> & KillSwitchUncheckedUpdateInput) | (Without<...> & KillSwitchUpdateInput)'.
src/lib/governance/kill-switch.ts(116,17): error TS2322: Type '"KILL_SWITCH_DEACTIVATED"' is not assignable to type 'AuditAction'.
src/lib/governance/rollback.ts(26,44): error TS2339: Property 'rollbackPoint' does not exist on type 'PrismaClient<PrismaClientOptions, never, DefaultArgs>'.
src/lib/governance/rollback.ts(54,44): error TS2339: Property 'rollbackPoint' does not exist on type 'PrismaClient<PrismaClientOptions, never, DefaultArgs>'.
src/lib/governance/rollback.ts(73,26): error TS2339: Property 'rollbackPoint' does not exist on type 'PrismaClient<PrismaClientOptions, never, DefaultArgs>'.
src/lib/governance/rollback.ts(88,21): error TS2322: Type '"ROLLBACK_EXECUTED"' is not assignable to type 'AuditAction'.
src/lib/governance/rollback.ts(103,26): error TS2339: Property 'rollbackPoint' does not exist on type 'PrismaClient<PrismaClientOptions, never, DefaultArgs>'.
src/lib/governance/rollback.ts(159,17): error TS2353: Object literal may only specify known properties, and 'features' does not exist in type 'BrandConfigSelect<DefaultArgs>'.
src/lib/governance/rollback.ts(202,25): error TS2353: Object literal may only specify known properties, and 'features' does not exist in type '(Without<BrandConfigUpdateInput, BrandConfigUncheckedUpdateInput> & BrandConfigUncheckedUpdateInput) | (Without<...> & BrandConfigUpdateInput)'.
src/lib/governance/rollback.ts(224,23): error TS2339: Property 'rollbackPoint' does not exist on type 'PrismaClient<PrismaClientOptions, never, DefaultArgs>'.
src/lib/governance/rollback.ts(237,44): error TS2339: Property 'rollbackPoint' does not exist on type 'PrismaClient<PrismaClientOptions, never, DefaultArgs>'.
src/lib/governance/rollback.ts(267,26): error TS2322: Type '"SYSTEM_CONFIG_CHANGE"' is not assignable to type 'AuditAction'.
src/lib/governance/rollback.ts(267,50): error TS2322: Type '"DATABASE_MIGRATION"' is not assignable to type 'AuditAction'.
src/lib/hardening/audit.ts(89,17): error TS2322: Type 'import("D:/PROJECT IOT/Automation Smart Lighting System/smart-billiard-main/achiera-web/src/lib/hardening/audit").AuditAction' is not assignable to type 'import("D:/PROJECT IOT/Automation Smart Lighting System/smart-billiard-main/achiera-web/node_modules/.prisma/client/index").$Enums.AuditAction'.
  Type '"ORDER_CREATE"' is not assignable to type 'AuditAction'.
src/lib/hardening/audit.ts(92,17): error TS2322: Type 'AuditSeverity' is not assignable to type 'AuditSeverity | undefined'.
  Type '"HIGH"' is not assignable to type 'AuditSeverity | undefined'.
src/lib/hardening/examples/order-creation.ts(53,25): error TS2353: Object literal may only specify known properties, and 'userId' does not exist in type '(Without<OrderCreateInput, OrderUncheckedCreateInput> & OrderUncheckedCreateInput) | (Without<...> & OrderCreateInput)'.
src/lib/hardening/examples/order-creation.ts(67,25): error TS2322: Type '{ orderId: string; variantId: any; quantity: any; price: any; }' is not assignable to type '(Without<OrderItemCreateInput, OrderItemUncheckedCreateInput> & OrderItemUncheckedCreateInput) | (Without<...> & OrderItemCreateInput)'.
  Type '{ orderId: string; variantId: any; quantity: any; price: any; }' is not assignable to type 'Without<OrderItemCreateInput, OrderItemUncheckedCreateInput> & OrderItemUncheckedCreateInput'.
    Type '{ orderId: string; variantId: any; quantity: any; price: any; }' is missing the following properties from type 'OrderItemUncheckedCreateInput': name, subtotal
src/lib/hardening/examples/order-creation.ts(106,25): error TS2353: Object literal may only specify known properties, and 'method' does not exist in type 'Without<PaymentCreateInput, PaymentUncheckedCreateInput> & PaymentUncheckedCreateInput'.
src/lib/hardening/examples/order-creation.ts(116,25): error TS2353: Object literal may only specify known properties, and 'paymentStatus' does not exist in type '(Without<OrderUpdateInput, OrderUncheckedUpdateInput> & OrderUncheckedUpdateInput) | (Without<...> & OrderUpdateInput)'.
src/lib/hardening/examples/refund-process.ts(29,28): error TS2353: Object literal may only specify known properties, and 'items' does not exist in type 'OrderInclude<DefaultArgs>'.
src/lib/hardening/examples/refund-process.ts(41,38): error TS2339: Property 'items' does not exist on type '{ id: string; brandId: string | null; createdAt: Date; updatedAt: Date; status: string; total: Decimal; invoiceNo: string; manualRef: string | null; quantity: number; ... 23 more ...; flashSaleConfigId: string | null; }'.
src/lib/hardening/examples/refund-process.ts(55,21): error TS2353: Object literal may only specify known properties, and 'paymentStatus' does not exist in type '(Without<OrderUpdateInput, OrderUncheckedUpdateInput> & OrderUncheckedUpdateInput) | (Without<...> & OrderUpdateInput)'.
src/lib/hardening/examples/refund-process.ts(64,21): error TS2353: Object literal may only specify known properties, and 'method' does not exist in type 'Without<PaymentCreateInput, PaymentUncheckedCreateInput> & PaymentUncheckedCreateInput'.
src/lib/hardening/examples/refund-process.ts(71,32): error TS2345: Argument of type 'string | null' is not assignable to parameter of type 'string'.
  Type 'null' is not assignable to type 'string'.
src/lib/hardening/index.ts(48,5): error TS2305: Module '"./audit"' has no exported member 'auditLedgerPost'.
src/lib/hardening/index.ts(52,5): error TS2305: Module '"./audit"' has no exported member 'auditRoleAssign'.
src/lib/hardening/kill-switch.ts(80,13): error TS2322: Type '"KILL_SWITCH_ACTIVATED"' is not assignable to type 'AuditAction'.
src/lib/hardening/ledger-integrity.ts(51,13): error TS2322: Type '{ brandId: string; description: string; referenceId: string | undefined; date: Date; }' is not assignable to type '(Without<JournalTransactionCreateInput, JournalTransactionUncheckedCreateInput> & JournalTransactionUncheckedCreateInput) | (Without<...> & JournalTransactionCreateInput)'.
  Type '{ brandId: string; description: string; referenceId: string | undefined; date: Date; }' is not assignable to type 'Without<JournalTransactionCreateInput, JournalTransactionUncheckedCreateInput> & JournalTransactionUncheckedCreateInput'.
    Property 'createdBy' is missing in type '{ brandId: string; description: string; referenceId: string | undefined; date: Date; }' but required in type 'JournalTransactionUncheckedCreateInput'.
src/lib/hardening/refund.ts(37,13): error TS2322: Type 'null' is not assignable to type 'string | Date'.
src/lib/hardening/refund.ts(60,21): error TS2353: Object literal may only specify known properties, and 'items' does not exist in type 'OrderInclude<DefaultArgs>'.
src/lib/hardening/refund.ts(69,54): error TS2554: Expected 0 arguments, but got 1.
src/lib/hardening/refund.ts(73,38): error TS2339: Property 'ALREADY_REFUNDED' does not exist on type '{ INSUFFICIENT_STOCK: (variantId: string) => BusinessError; PAYMENT_FAILED: (reason: string) => BusinessError; ORDER_NOT_FOUND: () => BusinessError; BRAND_FROZEN: (brandId: string) => BusinessError; DUPLICATE_PAYMENT: () => BusinessError; }'.
src/lib/hardening/refund.ts(76,23): error TS2339: Property 'paymentStatus' does not exist on type '{ id: string; brandId: string | null; createdAt: Date; updatedAt: Date; status: string; total: Decimal; invoiceNo: string; manualRef: string | null; quantity: number; ... 23 more ...; flashSaleConfigId: string | null; }'.
src/lib/hardening/refund.ts(81,37): error TS2339: Property 'refund' does not exist on type 'PrismaClient<PrismaClientOptions, never, DefaultArgs>'.
src/lib/hardening/refund.ts(92,38): error TS2339: Property 'items' does not exist on type '{ id: string; brandId: string | null; createdAt: Date; updatedAt: Date; status: string; total: Decimal; invoiceNo: string; manualRef: string | null; quantity: number; ... 23 more ...; flashSaleConfigId: string | null; }'.
src/lib/hardening/refund.ts(102,32): error TS2345: Argument of type 'string | null' is not assignable to parameter of type 'string'.
  Type 'null' is not assignable to type 'string'.
src/lib/hardening/refund.ts(109,21): error TS2353: Object literal may only specify known properties, and 'paymentStatus' does not exist in type '(Without<OrderUpdateInput, OrderUncheckedUpdateInput> & OrderUncheckedUpdateInput) | (Without<...> & OrderUpdateInput)'.
src/lib/hardening/refund.ts(115,22): error TS2339: Property 'refund' does not exist on type 'PrismaClient<PrismaClientOptions, never, DefaultArgs>'.
src/lib/hardening/refund.ts(150,28): error TS2353: Object literal may only specify known properties, and 'items' does not exist in type 'OrderInclude<DefaultArgs>'.
src/lib/hardening/refund.ts(154,54): error TS2554: Expected 0 arguments, but got 1.
src/lib/hardening/refund.ts(158,37): error TS2339: Property 'refund' does not exist on type 'PrismaClient<PrismaClientOptions, never, DefaultArgs>'.
src/lib/hardening/refund.ts(179,32): error TS2345: Argument of type 'string | null' is not assignable to parameter of type 'string'.
  Type 'null' is not assignable to type 'string'.
src/lib/hardening/refund.ts(182,22): error TS2339: Property 'refund' does not exist on type 'PrismaClient<PrismaClientOptions, never, DefaultArgs>'.
src/lib/hardening/tests/integration.test.ts(134,67): error TS2322: Type 'string | null' is not assignable to type 'string | StringFilter<"FrozenCategory"> | undefined'.
  Type 'null' is not assignable to type 'string | StringFilter<"FrozenCategory"> | undefined'.
src/lib/hardening/tests/integration.test.ts(573,21): error TS2322: Type '{ brandId: any; description: string; date: Date; }' is not assignable to type '(Without<JournalTransactionCreateInput, JournalTransactionUncheckedCreateInput> & JournalTransactionUncheckedCreateInput) | (Without<...> & JournalTransactionCreateInput)'.
  Type '{ brandId: any; description: string; date: Date; }' is not assignable to type 'Without<JournalTransactionUncheckedCreateInput, JournalTransactionCreateInput> & JournalTransactionCreateInput'.
    Type '{ brandId: any; description: string; date: Date; }' is missing the following properties from type 'JournalTransactionCreateInput': createdBy, brand
src/lib/integrity/ledger-balancing.ts(52,17): error TS2322: Type '{ brandId: string; description: string; referenceId: string | undefined; date: Date; }' is not assignable to type '(Without<JournalTransactionCreateInput, JournalTransactionUncheckedCreateInput> & JournalTransactionUncheckedCreateInput) | (Without<...> & JournalTransactionCreateInput)'.
  Type '{ brandId: string; description: string; referenceId: string | undefined; date: Date; }' is not assignable to type 'Without<JournalTransactionCreateInput, JournalTransactionUncheckedCreateInput> & JournalTransactionUncheckedCreateInput'.
    Property 'createdBy' is missing in type '{ brandId: string; description: string; referenceId: string | undefined; date: Date; }' but required in type 'JournalTransactionUncheckedCreateInput'.
src/lib/integrity/ledger-balancing.ts(104,14): error TS7006: Parameter 'sum' implicitly has an 'any' type.
src/lib/integrity/ledger-balancing.ts(104,19): error TS7006: Parameter 'e' implicitly has an 'any' type.
src/lib/integrity/ledger-balancing.ts(108,14): error TS7006: Parameter 'sum' implicitly has an 'any' type.
src/lib/integrity/ledger-balancing.ts(108,19): error TS7006: Parameter 'e' implicitly has an 'any' type.
src/lib/integrity/ledger-balancing.ts(314,21): error TS2322: Type 'null' is not assignable to type 'string | undefined'.
src/lib/integrity/ledger-balancing.ts(316,21): error TS2322: Type '"LEDGER_IMBALANCE_DETECTED"' is not assignable to type 'AuditAction'.
src/lib/integrity/ledger-balancing.ts(367,17): error TS2322: Type 'null' is not assignable to type 'string | undefined'.
src/lib/integrity/ledger-balancing.ts(369,17): error TS2322: Type '"LEDGER_INTEGRITY_CHECK"' is not assignable to type 'AuditAction'.
src/lib/integrity/payment-idempotency.ts(153,25): error TS2353: Object literal may only specify known properties, and 'status' does not exist in type 'PaymentWhereInput'.
src/lib/integrity/payment-idempotency.ts(167,32): error TS2353: Object literal may only specify known properties, and 'items' does not exist in type 'OrderInclude<DefaultArgs>'.
src/lib/integrity/payment-idempotency.ts(174,27): error TS2339: Property 'paymentStatus' does not exist on type '{ id: string; brandId: string | null; createdAt: Date; updatedAt: Date; status: string; total: Decimal; invoiceNo: string; manualRef: string | null; quantity: number; ... 23 more ...; flashSaleConfigId: string | null; }'.
src/lib/integrity/payment-idempotency.ts(191,25): error TS2353: Object literal may only specify known properties, and 'method' does not exist in type 'Without<PaymentCreateInput, PaymentUncheckedCreateInput> & PaymentUncheckedCreateInput'.
src/lib/integrity/payment-idempotency.ts(203,25): error TS2353: Object literal may only specify known properties, and 'paymentStatus' does not exist in type '(Without<OrderUpdateInput, OrderUncheckedUpdateInput> & OrderUncheckedUpdateInput) | (Without<...> & OrderUpdateInput)'.
src/lib/integrity/payment-idempotency.ts(210,42): error TS2339: Property 'items' does not exist on type '{ id: string; brandId: string | null; createdAt: Date; updatedAt: Date; status: string; total: Decimal; invoiceNo: string; manualRef: string | null; quantity: number; ... 23 more ...; flashSaleConfigId: string | null; }'.
src/lib/integrity/payment-idempotency.ts(220,46): error TS2345: Argument of type 'string | null' is not assignable to parameter of type 'string'.
  Type 'null' is not assignable to type 'string'.
src/lib/integrity/payment-idempotency.ts(227,25): error TS2322: Type '"PAYMENT_PROCESSED"' is not assignable to type 'AuditAction'.
src/lib/integrity/stock-enforcement.ts(67,22): error TS2339: Property 'stockReservation' does not exist on type 'PrismaClient<PrismaClientOptions, never, DefaultArgs>'.
src/lib/integrity/stock-enforcement.ts(98,42): error TS2339: Property 'stockReservation' does not exist on type 'PrismaClient<PrismaClientOptions, never, DefaultArgs>'.
src/lib/integrity/stock-enforcement.ts(117,22): error TS2339: Property 'stockReservation' does not exist on type 'PrismaClient<PrismaClientOptions, never, DefaultArgs>'.
src/lib/integrity/stock-enforcement.ts(128,42): error TS2339: Property 'stockReservation' does not exist on type 'PrismaClient<PrismaClientOptions, never, DefaultArgs>'.
src/lib/integrity/stock-enforcement.ts(137,22): error TS2339: Property 'stockReservation' does not exist on type 'PrismaClient<PrismaClientOptions, never, DefaultArgs>'.
src/lib/integrity/stock-enforcement.ts(148,38): error TS2339: Property 'stockReservation' does not exist on type 'PrismaClient<PrismaClientOptions, never, DefaultArgs>'.
src/lib/integrity/stock-enforcement.ts(169,37): error TS2339: Property 'stockReservation' does not exist on type 'PrismaClient<PrismaClientOptions, never, DefaultArgs>'.
src/lib/integrity/stock-enforcement.ts(190,43): error TS2339: Property 'stockReservation' does not exist on type 'PrismaClient<PrismaClientOptions, never, DefaultArgs>'.
src/lib/intelligence/pricingEngine.ts(83,49): error TS18048: 'overhead.perUnitDynamic' is possibly 'undefined'.
src/lib/intelligence/pricingEngine.ts(90,92): error TS18048: 'overhead.perUnitDynamic' is possibly 'undefined'.
src/lib/intelligence/riskEngine.ts(86,28): error TS2322: Type '"UNAUTHORIZED_ACCESS"' is not assignable to type 'AuditAction'.
src/lib/intelligence/riskEngine.ts(86,51): error TS2322: Type '"FORBIDDEN_ATTEMPT"' is not assignable to type 'AuditAction'.
src/lib/intelligence/riskEngine.ts(86,72): error TS2322: Type '"HOLDING_ACCESS_DENIED"' is not assignable to type 'AuditAction'.
src/lib/intelligence/riskEngine.ts(96,87): error TS2339: Property 'user' does not exist on type '{ id: string; brandId: string | null; createdAt: Date; action: AuditAction; metadata: JsonValue; userId: string; userName: string; userRole: string; entityType: string; ... 5 more ...; severity: AuditSeverity; }'.
src/lib/intelligence/riskEngine.ts(99,31): error TS2339: Property 'user' does not exist on type '{ id: string; brandId: string | null; createdAt: Date; action: AuditAction; metadata: JsonValue; userId: string; userName: string; userRole: string; entityType: string; ... 5 more ...; severity: AuditSeverity; }'.
src/lib/intelligence/riskEngine.ts(100,32): error TS2339: Property 'user' does not exist on type '{ id: string; brandId: string | null; createdAt: Date; action: AuditAction; metadata: JsonValue; userId: string; userName: string; userRole: string; entityType: string; ... 5 more ...; severity: AuditSeverity; }'.
src/lib/intelligence/riskEngine.ts(110,43): error TS2353: Object literal may only specify known properties, and 'isActive' does not exist in type 'FrozenVariantWhereInput'.
src/lib/intelligence/riskEngine.ts(111,20): error TS2353: Object literal may only specify known properties, and 'brand' does not exist in type 'FrozenVariantInclude<DefaultArgs>'.
src/lib/intelligence/riskEngine.ts(116,27): error TS2339: Property 'brandId' does not exist on type '{ id: string; name: string; createdAt: Date; updatedAt: Date; sku: string; price: Decimal; costPrice: Decimal; weight: Decimal; stockOnHand: number; unit: string; ... 4 more ...; productId: string; }'.
src/lib/intelligence/riskEngine.ts(119,136): error TS2339: Property 'brand' does not exist on type '{ id: string; name: string; createdAt: Date; updatedAt: Date; sku: string; price: Decimal; costPrice: Decimal; weight: Decimal; stockOnHand: number; unit: string; ... 4 more ...; productId: string; }'.
src/lib/intelligence/riskEngine.ts(124,33): error TS2339: Property 'brand' does not exist on type '{ id: string; name: string; createdAt: Date; updatedAt: Date; sku: string; price: Decimal; costPrice: Decimal; weight: Decimal; stockOnHand: number; unit: string; ... 4 more ...; productId: string; }'.
src/lib/intelligence/riskEngine.ts(137,57): error TS2353: Object literal may only specify known properties, and 'brand' does not exist in type 'FrozenVariantSelect<DefaultArgs>'.
src/lib/intelligence/riskEngine.ts(143,28): error TS2551: Property 'variant' does not exist on type '{ id: string; createdAt: Date; updatedAt: Date; quantity: number; warehouseId: string; batchCode: string; receivedAt: Date; expiryDate: Date; isExpired: boolean; variantId: string; }'. Did you mean 'variantId'?
src/lib/intelligence/riskEngine.ts(146,64): error TS2551: Property 'variant' does not exist on type '{ id: string; createdAt: Date; updatedAt: Date; quantity: number; warehouseId: string; batchCode: string; receivedAt: Date; expiryDate: Date; isExpired: boolean; variantId: string; }'. Did you mean 'variantId'?
src/lib/intelligence/riskEngine.ts(146,178): error TS2551: Property 'variant' does not exist on type '{ id: string; createdAt: Date; updatedAt: Date; quantity: number; warehouseId: string; batchCode: string; receivedAt: Date; expiryDate: Date; isExpired: boolean; variantId: string; }'. Did you mean 'variantId'?
src/lib/intelligence/riskEngine.ts(153,34): error TS2551: Property 'variant' does not exist on type '{ id: string; createdAt: Date; updatedAt: Date; quantity: number; warehouseId: string; batchCode: string; receivedAt: Date; expiryDate: Date; isExpired: boolean; variantId: string; }'. Did you mean 'variantId'?
src/lib/middleware/auditMiddleware.ts(132,9): error TS2322: Type '"BUDGET_UPDATED"' is not assignable to type 'AuditAction'.
src/lib/middleware/auditMiddleware.ts(164,9): error TS2322: Type '"JOURNAL_POSTED"' is not assignable to type 'AuditAction'.
src/lib/observability/logger.ts(176,26): error TS2339: Property 'criticalAlert' does not exist on type 'PrismaClient<PrismaClientOptions, never, DefaultArgs>'.
src/lib/pricing/engine.ts(62,5): error TS2322: Type '{ product: { id: string; category: { brandId: string; } | null; }; id: string; price: Decimal; } | null' is not assignable to type 'VariantWithRelations | null'.
  Type '{ product: { id: string; category: { brandId: string; } | null; }; id: string; price: Decimal; }' is not assignable to type 'VariantWithRelations'.
    The types of 'product.category' are incompatible between these types.
      Type '{ brandId: string; } | null' is not assignable to type '{ brandId: string; }'.
        Type 'null' is not assignable to type '{ brandId: string; }'.
src/lib/pricing/PriceCalculator.ts(42,57): error TS2339: Property 'brandId' does not exist on type '{ id: string; name: string; createdAt: Date; updatedAt: Date; slug: string; description: string | null; displayOrder: number; isFeatured: boolean; sku: string | null; status: string; ... 5 more ...; collectionId: string; }'.
src/lib/security/audit-service.ts(38,21): error TS2322: Type 'string | null' is not assignable to type 'string | undefined'.
  Type 'null' is not assignable to type 'string | undefined'.
src/lib/security/audit-service.ts(40,21): error TS2322: Type '"SECURITY_LOGIN_SUCCESS" | "SECURITY_LOGIN_FAILURE" | "SECURITY_DATA_EXPORT" | "SECURITY_CSRF_ATTEMPT" | "SECURITY_UNAUTHORIZED_ACCESS" | "SECURITY_SENSITIVE_DATA_ACCESS" | ... 6 more ... | "SECURITY_API_ERROR"' is not assignable to type 'AuditAction'.
  Type '"SECURITY_LOGIN_SUCCESS"' is not assignable to type 'AuditAction'.
src/lib/security/audit-service.ts(130,17): error TS2322: Type '"SECURITY_LOGIN_FAILURE"' is not assignable to type 'AuditAction | EnumAuditActionFilter<"AuditLog"> | undefined'.
src/lib/security/audit-service.ts(132,21): error TS2322: Type 'string[]' is not assignable to type 'string'.
src/lib/security/audit-service.ts(169,21): error TS2322: Type '"SECURITY_ROLE_CHANGE"' is not assignable to type 'AuditAction | EnumAuditActionFilter<"AuditLog"> | undefined'.
src/lib/security/audit-service.ts(193,21): error TS2322: Type '"SECURITY_UNAUTHORIZED_ACCESS"' is not assignable to type 'AuditAction | EnumAuditActionFilter<"AuditLog"> | undefined'.
src/lib/security/audit-service.ts(224,21): error TS2353: Object literal may only specify known properties, and 'startsWith' does not exist in type 'EnumAuditActionFilter<"AuditLog">'.
src/lib/security/audit-service.ts(245,21): error TS2353: Object literal may only specify known properties, and 'startsWith' does not exist in type 'EnumAuditActionFilter<"AuditLog">'.
src/lib/security/audit-service.ts(263,17): error TS2322: Type '"SECURITY_SUSPICIOUS_ACTIVITY"' is not assignable to type 'AuditAction | EnumAuditActionFilter<"AuditLog"> | undefined'.
src/lib/security/audit-service.ts(277,44): error TS2339: Property 'reason' does not exist on type 'string | number | boolean | JsonObject | JsonArray'.
  Property 'reason' does not exist on type 'string'.
src/lib/security/audit-service.ts(300,21): error TS2353: Object literal may only specify known properties, and 'startsWith' does not exist in type 'EnumAuditActionFilter<"AuditLog">'.
src/lib/security/data-protection.ts(158,13): error TS2862: Type 'T' is generic and can only be indexed for reading.
src/lib/security/data-protection.ts(216,44): error TS2345: Argument of type '"base32"' is not assignable to parameter of type 'BufferEncoding | undefined'.
src/lib/security/role-escalation-prevention.ts(206,13): error TS2820: Type '"ROLE_CHANGE"' is not assignable to type 'AuditAction'. Did you mean '"ROLE_CHANGED"'?
src/lib/security/role-escalation-prevention.ts(231,13): error TS2322: Type '"GLOBAL_ROLE_CHANGE"' is not assignable to type 'AuditAction'.
src/lib/security/role-escalation-prevention.ts(256,13): error TS2322: Type '`SENSITIVE_${string}`' is not assignable to type 'AuditAction'.
src/lib/security/secure-api-pattern.ts(6,29): error TS2307: Cannot find module '@/lib/auth/config' or its corresponding type declarations.
src/lib/security/secure-api-pattern.ts(73,74): error TS2339: Property 'errors' does not exist on type 'ZodError<unknown>'.
src/lib/security/secure-api-pattern.ts(125,13): error TS2322: Type '{ categoryId: string; name: string; slug: string; }' is not assignable to type '(Without<FrozenProductCreateInput, FrozenProductUncheckedCreateInput> & FrozenProductUncheckedCreateInput) | (Without<...> & FrozenProductCreateInput)'.
  Type '{ categoryId: string; name: string; slug: string; }' is not assignable to type 'Without<FrozenProductCreateInput, FrozenProductUncheckedCreateInput> & FrozenProductUncheckedCreateInput'.
    Property 'storageType' is missing in type '{ categoryId: string; name: string; slug: string; }' but required in type 'FrozenProductUncheckedCreateInput'.
src/lib/security/secure-api-pattern.ts(137,17): error TS2322: Type '"PRODUCT_CREATE"' is not assignable to type 'AuditAction'.
src/lib/security/secure-api-pattern.ts(165,17): error TS2322: Type 'null' is not assignable to type 'string | undefined'.
src/lib/security/secure-api-pattern.ts(167,17): error TS2322: Type '"API_ERROR"' is not assignable to type 'AuditAction'.
src/lib/security/secure-api-pattern.ts(195,28): error TS2339: Property 'ip' does not exist on type 'NextRequest'.
src/lib/services/AdRankingService.ts(25,25): error TS2353: Object literal may only specify known properties, and 'status' does not exist in type '(Without<AdCampaignRelationFilter, AdCampaignWhereInput> & AdCampaignWhereInput) | (Without<...> & AdCampaignRelationFilter)'.
src/lib/services/AdRankingService.ts(37,41): error TS2551: Property 'adGroup' does not exist on type '{ id: string; createdAt: Date; updatedAt: Date; status: string; title: string; imageUrl: string; body: string | null; adGroupId: string; linkUrl: string; cachedCtr: number; cachedVr: number; }'. Did you mean 'adGroupId'?
src/lib/services/AdsService.ts(38,21): error TS2353: Object literal may only specify known properties, and 'budget' does not exist in type 'Without<AdCampaignCreateInput, AdCampaignUncheckedCreateInput> & AdCampaignUncheckedCreateInput'.
src/lib/services/AdsService.ts(50,21): error TS2322: Type '"CAMPAIGN_CREATE"' is not assignable to type 'AuditAction'.
src/lib/services/AdsService.ts(82,17): error TS2561: Object literal may only specify known properties, but 'groupId' does not exist in type '(Without<AdCreativeCreateInput, AdCreativeUncheckedCreateInput> & AdCreativeUncheckedCreateInput) | (Without<...> & AdCreativeCreateInput)'. Did you mean to write 'adGroupId'?
src/lib/services/AdsService.ts(102,17): error TS2561: Object literal may only specify known properties, but 'group' does not exist in type 'AdCreativeWhereInput'. Did you mean to write 'adGroup'?
src/lib/services/AdsService.ts(115,17): error TS2561: Object literal may only specify known properties, but 'group' does not exist in type 'AdCreativeInclude<DefaultArgs>'. Did you mean to write 'adGroup'?
src/lib/services/AdsService.ts(128,41): error TS2551: Property 'cachedCvr' does not exist on type '{ id: string; createdAt: Date; updatedAt: Date; status: string; title: string; imageUrl: string; body: string | null; adGroupId: string; linkUrl: string; cachedCtr: number; cachedVr: number; }'. Did you mean 'cachedVr'?
src/lib/services/AdsService.ts(129,41): error TS2339: Property 'group' does not exist on type '{ id: string; createdAt: Date; updatedAt: Date; status: string; title: string; imageUrl: string; body: string | null; adGroupId: string; linkUrl: string; cachedCtr: number; cachedVr: number; }'.
src/lib/services/AdsService.ts(155,24): error TS2561: Object literal may only specify known properties, but 'group' does not exist in type 'AdCreativeInclude<DefaultArgs>'. Did you mean to write 'adGroup'?
src/lib/services/AdsService.ts(163,36): error TS2339: Property 'group' does not exist on type '{ id: string; createdAt: Date; updatedAt: Date; status: string; title: string; imageUrl: string; body: string | null; adGroupId: string; linkUrl: string; cachedCtr: number; cachedVr: number; }'.
src/lib/services/AdsService.ts(171,17): error TS2353: Object literal may only specify known properties, and 'userId' does not exist in type 'Without<AdEventCreateInput, AdEventUncheckedCreateInput> & AdEventUncheckedCreateInput'.
src/lib/services/AdsService.ts(200,17): error TS2561: Object literal may only specify known properties, but 'cachedCvr' does not exist in type '(Without<AdCreativeUpdateInput, AdCreativeUncheckedUpdateInput> & AdCreativeUncheckedUpdateInput) | (Without<...> & AdCreativeUpdateInput)'. Did you mean to write 'cachedVr'?
src/lib/services/AdsService.ts(212,21): error TS2561: Object literal may only specify known properties, but 'group' does not exist in type '(Without<AdCreativeRelationFilter, AdCreativeWhereInput> & AdCreativeWhereInput) | (Without<...> & AdCreativeRelationFilter)'. Did you mean to write 'adGroup'?
src/lib/services/AdsService.ts(221,48): error TS2339: Property 'cost' does not exist on type '{ id: string; type: string; createdAt: Date; metadata: JsonValue; viewerId: string | null; creativeId: string; }'.
src/lib/services/AdsService.ts(225,48): error TS2339: Property 'revenue' does not exist on type '{ id: string; type: string; createdAt: Date; metadata: JsonValue; viewerId: string | null; creativeId: string; }'.
src/lib/services/AdsService.ts(244,17): error TS2561: Object literal may only specify known properties, but 'groups' does not exist in type 'AdCampaignInclude<DefaultArgs>'. Did you mean to write 'adGroups'?
src/lib/services/AdsService.ts(265,38): error TS2339: Property 'groups' does not exist on type '{ id: string; brandId: string; name: string; isActive: boolean; createdAt: Date; updatedAt: Date; priority: number; imageUrl: string; clicks: number; views: number; linkUrl: string; location: string; copytext: string | null; }'.
src/lib/services/AdsService.ts(290,41): error TS2339: Property 'budget' does not exist on type '{ id: string; brandId: string; name: string; isActive: boolean; createdAt: Date; updatedAt: Date; priority: number; imageUrl: string; clicks: number; views: number; linkUrl: string; location: string; copytext: string | null; }'.
src/lib/services/AdsService.ts(291,34): error TS2339: Property 'status' does not exist on type '{ id: string; brandId: string; name: string; isActive: boolean; createdAt: Date; updatedAt: Date; priority: number; imageUrl: string; clicks: number; views: number; linkUrl: string; location: string; copytext: string | null; }'.
src/lib/services/AdsService.ts(317,25): error TS2561: Object literal may only specify known properties, but 'groups' does not exist in type 'AdCampaignCountOutputTypeSelect<DefaultArgs>'. Did you mean to write 'adGroups'?
src/lib/services/AdsService.ts(332,25): error TS2353: Object literal may only specify known properties, and 'status' does not exist in type '(Without<AdCampaignUpdateInput, AdCampaignUncheckedUpdateInput> & AdCampaignUncheckedUpdateInput) | (Without<...> & AdCampaignUpdateInput)'.
src/lib/services/AdsService.ts(339,21): error TS2322: Type '"CAMPAIGN_ACTIVATE"' is not assignable to type 'AuditAction'.
src/lib/services/AdsService.ts(355,21): error TS2353: Object literal may only specify known properties, and 'status' does not exist in type '(Without<AdCampaignUpdateInput, AdCampaignUncheckedUpdateInput> & AdCampaignUncheckedUpdateInput) | (Without<...> & AdCampaignUpdateInput)'.
src/lib/services/AnalyticsService.ts(51,13): error TS2322: Type '{ cost: true; }' is not assignable to type 'never'.
src/lib/services/AnalyticsService.ts(53,37): error TS2339: Property '_sum' does not exist on type 'GetAdEventAggregateType<{ where: { creative: { adGroup: { campaign: { brandId: string; }; }; }; createdAt: { gte: Date; lte: Date; }; }; _sum: { cost: boolean; }; }>'.
src/lib/services/AnalyticsService.ts(76,17): error TS2353: Object literal may only specify known properties, and 'account' does not exist in type 'LoyaltyTransactionWhereInput'.
src/lib/services/AnalyticsService.ts(79,21): error TS2353: Object literal may only specify known properties, and 'amount' does not exist in type 'LoyaltyTransactionSumAggregateInputType'.
src/lib/services/AnalyticsService.ts(84,50): error TS18048: 'redemptions._sum' is possibly 'undefined'.
src/lib/services/AnalyticsService.ts(84,67): error TS2339: Property 'amount' does not exist on type '{ balanceAfter?: number | null | undefined; balanceBefore?: number | null | undefined; points?: number | null | undefined; }'.
src/lib/services/AuditService.ts(66,21): error TS2322: Type '{ before?: any; after?: any; } | null' is not assignable to type 'NullableJsonNullValueInput | InputJsonValue | undefined'.
  Type 'null' is not assignable to type 'NullableJsonNullValueInput | InputJsonValue | undefined'.
src/lib/services/AuditService.ts(276,58): error TS2339: Property 'success' does not exist on type 'string | number | boolean | JsonObject | JsonArray'.
  Property 'success' does not exist on type 'string'.
src/lib/services/CapitalAllocationEngine.ts(89,17): error TS2322: Type 'CashPosition[]' is not assignable to type 'JsonNull | InputJsonValue'.
  Type 'CashPosition[]' is not assignable to type 'InputJsonObject'.
    Index signature for type 'string' is missing in type 'CashPosition[]'.
src/lib/services/CapitalAllocationEngine.ts(90,17): error TS2322: Type 'AllocationRecommendation[]' is not assignable to type 'JsonNull | InputJsonValue'.
  Type 'AllocationRecommendation[]' is not assignable to type 'InputJsonObject'.
    Index signature for type 'string' is missing in type 'AllocationRecommendation[]'.
src/lib/services/CapitalAllocationEngine.ts(159,17): error TS2353: Object literal may only specify known properties, and 'status' does not exist in type 'JournalTransactionWhereInput'.
src/lib/services/ConfigService.ts(45,32): error TS2339: Property 'features' does not exist on type '{ id: string; brandId: string; createdAt: Date; updatedAt: Date; marketplaceFeeRate: number; heroTagline: string | null; operationalOverhead: number; level1Enabled: boolean; ... 67 more ...; overheadBreakdown: JsonValue; }'.
src/lib/services/ConfigService.ts(47,33): error TS2339: Property 'features' does not exist on type '{ id: string; brandId: string; createdAt: Date; updatedAt: Date; marketplaceFeeRate: number; heroTagline: string | null; operationalOverhead: number; level1Enabled: boolean; ... 67 more ...; overheadBreakdown: JsonValue; }'.
src/lib/services/ConfigService.ts(56,32): error TS2339: Property 'loyaltyRules' does not exist on type '{ id: string; brandId: string; createdAt: Date; updatedAt: Date; marketplaceFeeRate: number; heroTagline: string | null; operationalOverhead: number; level1Enabled: boolean; ... 67 more ...; overheadBreakdown: JsonValue; }'.
src/lib/services/ConfigService.ts(59,49): error TS2339: Property 'loyaltyRules' does not exist on type '{ id: string; brandId: string; createdAt: Date; updatedAt: Date; marketplaceFeeRate: number; heroTagline: string | null; operationalOverhead: number; level1Enabled: boolean; ... 67 more ...; overheadBreakdown: JsonValue; }'.
src/lib/services/ConfigService.ts(67,24): error TS2339: Property 'pricingStrategy' does not exist on type '{ id: string; brandId: string; createdAt: Date; updatedAt: Date; marketplaceFeeRate: number; heroTagline: string | null; operationalOverhead: number; level1Enabled: boolean; ... 67 more ...; overheadBreakdown: JsonValue; }'.
src/lib/services/ConsolidationEngine.ts(153,21): error TS2322: Type 'ConsolidatedPL' is not assignable to type 'JsonNull | InputJsonValue'.
  Type 'ConsolidatedPL' is not assignable to type 'InputJsonObject'.
    Index signature for type 'string' is missing in type 'ConsolidatedPL'.
src/lib/services/ConsolidationEngine.ts(154,21): error TS2322: Type 'ConsolidatedBS' is not assignable to type 'JsonNull | InputJsonValue'.
  Type 'ConsolidatedBS' is not assignable to type 'InputJsonObject'.
    Index signature for type 'string' is missing in type 'ConsolidatedBS'.
src/lib/services/ConsolidationEngine.ts(155,21): error TS2322: Type 'ConsolidatedCF' is not assignable to type 'JsonNull | InputJsonValue'.
  Type 'ConsolidatedCF' is not assignable to type 'InputJsonObject'.
    Index signature for type 'string' is missing in type 'ConsolidatedCF'.
src/lib/services/ConsolidationEngine.ts(156,21): error TS2322: Type 'ICElimination[]' is not assignable to type 'JsonNull | InputJsonValue'.
  Type 'ICElimination[]' is not assignable to type 'InputJsonObject'.
    Index signature for type 'string' is missing in type 'ICElimination[]'.
src/lib/services/ConsolidationEngine.ts(211,21): error TS2353: Object literal may only specify known properties, and 'status' does not exist in type 'JournalTransactionWhereInput'.
src/lib/services/ConsolidationEngine.ts(228,45): error TS2339: Property 'entries' does not exist on type '{ id: string; brandId: string; createdAt: Date; updatedAt: Date; description: string; date: Date; referenceType: string | null; referenceId: string | null; createdBy: string; }'.
src/lib/services/ConsolidationEngine.ts(299,21): error TS2353: Object literal may only specify known properties, and 'journalEntries' does not exist in type 'LedgerAccountInclude<DefaultArgs>'.
src/lib/services/ConsolidationEngine.ts(315,45): error TS2339: Property 'journalEntries' does not exist on type '{ id: string; brandId: string; code: string; name: string; type: AccountType; balance: Decimal; isActive: boolean; createdAt: Date; updatedAt: Date; }'.
src/lib/services/ConsolidationEngine.ts(344,52): error TS2339: Property 'balance' does not exist on type 'ICBalance'.
src/lib/services/ConsolidationEngine.ts(381,21): error TS2353: Object literal may only specify known properties, and 'status' does not exist in type 'JournalTransactionWhereInput'.
src/lib/services/ConsolidationEngine.ts(395,45): error TS2339: Property 'entries' does not exist on type '{ id: string; brandId: string; createdAt: Date; updatedAt: Date; description: string; date: Date; referenceType: string | null; referenceId: string | null; createdBy: string; }'.
src/lib/services/FinanceService.ts(105,17): error TS2322: Type '{ brandId: string; referenceId: string | undefined; description: string; date: Date; }' is not assignable to type '(Without<JournalTransactionCreateInput, JournalTransactionUncheckedCreateInput> & JournalTransactionUncheckedCreateInput) | (Without<...> & JournalTransactionCreateInput)'.
  Type '{ brandId: string; referenceId: string | undefined; description: string; date: Date; }' is not assignable to type 'Without<JournalTransactionCreateInput, JournalTransactionUncheckedCreateInput> & JournalTransactionUncheckedCreateInput'.
    Property 'createdBy' is missing in type '{ brandId: string; referenceId: string | undefined; description: string; date: Date; }' but required in type 'JournalTransactionUncheckedCreateInput'.
src/lib/services/FinanceService.ts(327,17): error TS2322: Type '{ code: string; name: string; type: string; brandId: string; }' is not assignable to type '(Without<LedgerAccountCreateInput, LedgerAccountUncheckedCreateInput> & LedgerAccountUncheckedCreateInput) | (Without<...> & LedgerAccountCreateInput)'.
  Type '{ code: string; name: string; type: string; brandId: string; }' is not assignable to type 'Without<LedgerAccountCreateInput, LedgerAccountUncheckedCreateInput> & LedgerAccountUncheckedCreateInput'.
    Type '{ code: string; name: string; type: string; brandId: string; }' is not assignable to type 'LedgerAccountUncheckedCreateInput'.
      Types of property 'type' are incompatible.
        Type 'string' is not assignable to type 'AccountType'.
src/lib/services/FinancialStatementService.ts(32,17): error TS2353: Object literal may only specify known properties, and 'status' does not exist in type 'JournalTransactionWhereInput'.
src/lib/services/FinancialStatementService.ts(46,41): error TS2339: Property 'entries' does not exist on type '{ id: string; brandId: string; createdAt: Date; updatedAt: Date; description: string; date: Date; referenceType: string | null; referenceId: string | null; createdBy: string; }'.
src/lib/services/FinancialStatementService.ts(76,17): error TS2353: Object literal may only specify known properties, and 'journalEntries' does not exist in type 'LedgerAccountInclude<DefaultArgs>'.
src/lib/services/FinancialStatementService.ts(92,41): error TS2339: Property 'journalEntries' does not exist on type '{ id: string; brandId: string; code: string; name: string; type: AccountType; balance: Decimal; isActive: boolean; createdAt: Date; updatedAt: Date; }'.
src/lib/services/FlashSaleService.ts(79,17): error TS2322: Type '{ status: "ACTIVE"; configId: string; name: string; discountPercentage: number; minPurchaseAmount: number; targetType: string; targetItems: JsonArray; startDate: any; endDate: any; startTime: string; endTime: string; }' is not assignable to type 'FlashSaleInfo'.
  Types of property 'targetItems' are incompatible.
    Type 'JsonArray' is not assignable to type 'string[]'.
      Type 'JsonValue' is not assignable to type 'string'.
        Type 'null' is not assignable to type 'string'.
src/lib/services/FlashSaleService.ts(84,17): error TS2322: Type '{ status: "UPCOMING"; configId: string; name: string; discountPercentage: number; minPurchaseAmount: number; targetType: string; targetItems: JsonArray; startDate: any; endDate: any; startTime: string; endTime: string; }' is not assignable to type 'FlashSaleInfo'.
  Types of property 'targetItems' are incompatible.
    Type 'JsonArray' is not assignable to type 'string[]'.
      Type 'JsonValue' is not assignable to type 'string'.
        Type 'null' is not assignable to type 'string'.
src/lib/services/FrozenProductService.ts(75,21): error TS2322: Type '"PRODUCT_CREATE"' is not assignable to type 'AuditAction'.
src/lib/services/FrozenProductService.ts(101,29): error TS18047: 'product.category' is possibly 'null'.
src/lib/services/FrozenProductService.ts(125,21): error TS2322: Type '"PRODUCT_UPDATE"' is not assignable to type 'AuditAction'.
src/lib/services/FrozenProductService.ts(221,29): error TS18047: 'variant.product.category' is possibly 'null'.
src/lib/services/FrozenProductService.ts(237,21): error TS2322: Type '"PRICE_UPDATE"' is not assignable to type 'AuditAction'.
src/lib/services/FrozenService.ts(2,10): error TS2305: Module '"@/lib/auth/rbac"' has no exported member 'AccessControlError'.
src/lib/services/InterCompanyService.ts(383,13): error TS2322: Type '{ brandId: string; description: string; date: Date; entries: { create: { accountId: string; debit: number; credit: number; }[]; }; }' is not assignable to type '(Without<JournalTransactionCreateInput, JournalTransactionUncheckedCreateInput> & JournalTransactionUncheckedCreateInput) | (Without<...> & JournalTransactionCreateInput)'.
  Type '{ brandId: string; description: string; date: Date; entries: { create: { accountId: string; debit: number; credit: number; }[]; }; }' is not assignable to type 'Without<JournalTransactionCreateInput, JournalTransactionUncheckedCreateInput> & JournalTransactionUncheckedCreateInput'.
    Property 'createdBy' is missing in type '{ brandId: string; description: string; date: Date; entries: { create: { accountId: string; debit: number; credit: number; }[]; }; }' but required in type 'JournalTransactionUncheckedCreateInput'.
src/lib/services/LoyaltyService.ts(15,41): error TS2339: Property 'grandTotal' does not exist on type '{ brand: { id: string; name: string; isActive: boolean; createdAt: Date; updatedAt: Date; slug: string; paymentSettings: JsonValue; } | null; } & { id: string; brandId: string | null; ... 30 more ...; flashSaleConfigId: string | null; }'.
src/lib/services/LoyaltyService.ts(34,21): error TS2353: Object literal may only specify known properties, and 'totalPoints' does not exist in type 'Without<LoyaltyAccountCreateInput, LoyaltyAccountUncheckedCreateInput> & LoyaltyAccountUncheckedCreateInput'.
src/lib/services/LoyaltyService.ts(48,17): error TS2353: Object literal may only specify known properties, and 'accountId' does not exist in type '(Without<LoyaltyTransactionCreateInput, LoyaltyTransactionUncheckedCreateInput> & LoyaltyTransactionUncheckedCreateInput) | (Without<...> & LoyaltyTransactionCreateInput)'.
src/lib/services/LoyaltyService.ts(94,24): error TS2353: Object literal may only specify known properties, and 'transactions' does not exist in type 'LoyaltyAccountInclude<DefaultArgs>'.
src/lib/services/LoyaltyService.ts(106,17): error TS2353: Object literal may only specify known properties, and 'accountId' does not exist in type '(Without<LoyaltyTransactionCreateInput, LoyaltyTransactionUncheckedCreateInput> & LoyaltyTransactionUncheckedCreateInput) | (Without<...> & LoyaltyTransactionCreateInput)'.
src/lib/services/OnboardingService.ts(23,21): error TS2353: Object literal may only specify known properties, and 'organizationId' does not exist in type '(Without<BrandCreateInput, BrandUncheckedCreateInput> & BrandUncheckedCreateInput) | (Without<...> & BrandCreateInput)'.
src/lib/services/OnboardingService.ts(32,21): error TS2353: Object literal may only specify known properties, and 'features' does not exist in type 'Without<BrandConfigCreateInput, BrandConfigUncheckedCreateInput> & BrandConfigUncheckedCreateInput'.
src/lib/services/OnboardingService.ts(57,25): error TS2322: Type 'string' is not assignable to type 'AccountType'.
src/lib/services/OnboardingService.ts(84,22): error TS2353: Object literal may only specify known properties, and 'config' does not exist in type 'BrandWhereInput'.
src/lib/services/OnboardingService.ts(85,24): error TS2353: Object literal may only specify known properties, and 'config' does not exist in type 'BrandInclude<DefaultArgs>'.
src/lib/services/OnboardingService.ts(93,21): error TS2353: Object literal may only specify known properties, and 'features' does not exist in type 'Without<BrandConfigCreateInput, BrandConfigUncheckedCreateInput> & BrandConfigUncheckedCreateInput'.
src/lib/services/OrderService.ts(5,10): error TS2724: '"@prisma/client"' has no exported member named 'OrderStatus'. Did you mean 'OrderStatusLog'?
src/lib/services/OrderService.ts(5,23): error TS2305: Module '"@prisma/client"' has no exported member 'PaymentStatus'.
src/lib/services/OrderService.ts(5,38): error TS2305: Module '"@prisma/client"' has no exported member 'PaymentMethod'.
src/lib/services/OrderService.ts(66,21): error TS2353: Object literal may only specify known properties, and 'userId' does not exist in type 'Without<OrderCreateInput, OrderUncheckedCreateInput> & OrderUncheckedCreateInput'.
src/lib/services/OrderService.ts(97,25): error TS2353: Object literal may only specify known properties, and 'productName' does not exist in type 'Without<OrderItemCreateInput, OrderItemUncheckedCreateInput> & OrderItemUncheckedCreateInput'.
src/lib/services/OrderService.ts(113,21): error TS2554: Expected 4 arguments, but got 5.
src/lib/services/OrderService.ts(122,21): error TS2322: Type '"ORDER_CREATE"' is not assignable to type 'AuditAction'.
src/lib/services/OrderService.ts(140,28): error TS2353: Object literal may only specify known properties, and 'items' does not exist in type 'OrderInclude<DefaultArgs>'.
src/lib/services/OrderService.ts(147,23): error TS2339: Property 'paymentStatus' does not exist on type '{ id: string; brandId: string | null; createdAt: Date; updatedAt: Date; status: string; total: Decimal; invoiceNo: string; manualRef: string | null; quantity: number; ... 23 more ...; flashSaleConfigId: string | null; }'.
src/lib/services/OrderService.ts(156,21): error TS2353: Object literal may only specify known properties, and 'method' does not exist in type 'Without<PaymentCreateInput, PaymentUncheckedCreateInput> & PaymentUncheckedCreateInput'.
src/lib/services/OrderService.ts(169,21): error TS2353: Object literal may only specify known properties, and 'paymentStatus' does not exist in type '(Without<OrderUpdateInput, OrderUncheckedUpdateInput> & OrderUncheckedUpdateInput) | (Without<...> & OrderUpdateInput)'.
src/lib/services/OrderService.ts(177,48): error TS2353: Object literal may only specify known properties, and 'isActive' does not exist in type 'WarehouseWhereInput'.
src/lib/services/OrderService.ts(184,38): error TS2339: Property 'items' does not exist on type '{ id: string; brandId: string | null; createdAt: Date; updatedAt: Date; status: string; total: Decimal; invoiceNo: string; manualRef: string | null; quantity: number; ... 23 more ...; flashSaleConfigId: string | null; }'.
src/lib/services/OrderService.ts(198,39): error TS2339: Property 'awardPoints' does not exist on type 'LoyaltyService'.
src/lib/services/OrderService.ts(200,23): error TS2339: Property 'userId' does not exist on type '{ id: string; brandId: string | null; createdAt: Date; updatedAt: Date; status: string; total: Decimal; invoiceNo: string; manualRef: string | null; quantity: number; ... 23 more ...; flashSaleConfigId: string | null; }'.
src/lib/services/OrderService.ts(211,21): error TS2322: Type '"PAYMENT_PROCESSED"' is not assignable to type 'AuditAction'.
src/lib/services/OrderService.ts(229,28): error TS2353: Object literal may only specify known properties, and 'items' does not exist in type 'OrderInclude<DefaultArgs>'.
src/lib/services/OrderService.ts(245,21): error TS2353: Object literal may only specify known properties, and 'cancelledAt' does not exist in type '(Without<OrderUpdateInput, OrderUncheckedUpdateInput> & OrderUncheckedUpdateInput) | (Without<...> & OrderUpdateInput)'.
src/lib/services/OrderService.ts(252,52): error TS2353: Object literal may only specify known properties, and 'isActive' does not exist in type 'WarehouseWhereInput'.
src/lib/services/OrderService.ts(256,46): error TS2339: Property 'items' does not exist on type '{ id: string; brandId: string | null; createdAt: Date; updatedAt: Date; status: string; total: Decimal; invoiceNo: string; manualRef: string | null; quantity: number; ... 23 more ...; flashSaleConfigId: string | null; }'.
src/lib/services/OrderService.ts(259,37): error TS2353: Object literal may only specify known properties, and 'stockOnHand' does not exist in type '(Without<ProductVariantUpdateInput, ProductVariantUncheckedUpdateInput> & ProductVariantUncheckedUpdateInput) | (Without<...> & ProductVariantUpdateInput)'.
src/lib/services/OrderService.ts(278,23): error TS2339: Property 'loyaltyDiscount' does not exist on type '{ id: string; brandId: string | null; createdAt: Date; updatedAt: Date; status: string; total: Decimal; invoiceNo: string; manualRef: string | null; quantity: number; ... 23 more ...; flashSaleConfigId: string | null; }'.
src/lib/services/OrderService.ts(279,43): error TS2339: Property 'refundPoints' does not exist on type 'LoyaltyService'.
src/lib/services/OrderService.ts(281,27): error TS2339: Property 'userId' does not exist on type '{ id: string; brandId: string | null; createdAt: Date; updatedAt: Date; status: string; total: Decimal; invoiceNo: string; manualRef: string | null; quantity: number; ... 23 more ...; flashSaleConfigId: string | null; }'.
src/lib/services/OrderService.ts(283,27): error TS2339: Property 'loyaltyDiscount' does not exist on type '{ id: string; brandId: string | null; createdAt: Date; updatedAt: Date; status: string; total: Decimal; invoiceNo: string; manualRef: string | null; quantity: number; ... 23 more ...; flashSaleConfigId: string | null; }'.
src/lib/services/OrderService.ts(293,21): error TS2322: Type '"ORDER_CANCELLED"' is not assignable to type 'AuditAction'.
src/lib/services/OrderService.ts(409,17): error TS2353: Object literal may only specify known properties, and 'items' does not exist in type 'OrderInclude<DefaultArgs>'.
src/lib/services/PolicyService.ts(61,35): error TS2339: Property 'rolePolicy' does not exist on type 'PrismaClient<PrismaClientOptions, never, DefaultArgs>'.
src/lib/services/PolicyService.ts(67,35): error TS2339: Property 'rolePolicy' does not exist on type 'PrismaClient<PrismaClientOptions, never, DefaultArgs>'.
src/middleware-security.ts(34,24): error TS2339: Property 'ip' does not exist on type 'NextRequest'.
src/middleware-security.ts(229,17): error TS2322: Type 'string | null' is not assignable to type 'string | undefined'.
  Type 'null' is not assignable to type 'string | undefined'.
src/middleware-security.ts(231,17): error TS2322: Type '`SECURITY_${string}`' is not assignable to type 'AuditAction'.
src/scripts/validate-data-integrity.ts(36,18): error TS2322: Type 'null' is not assignable to type '(Without<OrderRelationFilter, OrderWhereInput> & OrderWhereInput) | (Without<OrderWhereInput, OrderRelationFilter> & OrderRelationFilter) | undefined'.
src/scripts/validate-data-integrity.ts(49,18): error TS2322: Type 'null' is not assignable to type '(Without<OrderRelationFilter, OrderWhereInput> & OrderWhereInput) | (Without<OrderWhereInput, OrderRelationFilter> & OrderRelationFilter) | undefined'.
src/scripts/verify-restore.ts(122,22): error TS2322: Type 'null' is not assignable to type '(Without<OrderRelationFilter, OrderWhereInput> & OrderWhereInput) | (Without<OrderWhereInput, OrderRelationFilter> & OrderRelationFilter) | undefined'.
test-email.ts(2,20): error TS2307: Cannot find module 'dotenv' or its corresponding type declarations.
verify-assisted-mode.ts(9,92): error TS18047: 'brand' is possibly 'null'.
